Day, Vps (kappa=0.2), Vel-ps II, Vel-ps III, Vel-ps IV, Vel-ps V, Vel-ps VI, Vel-ps VII, Vel-ps VIII, Vel-ps IX, Vel-ps X, Vel-ps XI, Vel-ps XII, Vel-ps XIII, Vel-ps XIV, Vel-ps XV, Vel-ps XVI, Vel-ps XVII, Vel-ps XVIII, Vel-ps XIX, Vel-ps XX, Vel-ps XXI, Vel-ps XXII, Vel-ps XXIII, Vel-ps XXIV, Vel-ps XXV, Vel-ps XXVI, Vel-ps XXVII, Vel-ps XXVIII, Vel-ps XXIX, Tau-ps II, Tau-ps III, Tau-ps IV, Tau-ps V, Tau-ps VI, Tau-ps VII, Tau-ps VIII, Tau-ps IX, Tau-ps X, Tau-ps XI, Tau-ps XII, Tau-ps XIII, Tau-ps XIV, Tau-ps XV, Tau-ps XVI, Tau-ps XVII, Tau-ps XVIII, Tau-ps XIX, Tau-ps XX, Tau-ps XXI, Tau-ps XXII, Tau-ps XXIII, Tau-ps XXIV, Tau-ps XXV, Tau-ps XXVI, Tau-ps XXVII, Tau-ps XXVIII, Tau-ps XXIX
0.25, 2.049e+09, 2.047e+09, 2.048e+09, 2.049e+09, 2.049e+09, 2.049e+09, 2.049e+09, 2.049e+09, 2.049e+09, 2.049e+09, 2.049e+09, 2.049e+09, 2.049e+09, 2.049e+09, 2.049e+09, 2.049e+09, 2.049e+09, 2.049e+09, 2.049e+09, 2.049e+09, 2.049e+09, 2.049e+09, 2.049e+09, 2.050e+09, 2.050e+09, 2.050e+09, 2.050e+09, 2.050e+09, 2.050e+09, 1.877e+04, 3.753e+04, 5.630e+04, 7.506e+04, 9.383e+04, 1.126e+05, 1.314e+05, 1.501e+05, 1.689e+05, 1.877e+05, 2.064e+05, 2.252e+05, 2.439e+05, 2.627e+05, 2.815e+05, 3.002e+05, 3.190e+05, 3.378e+05, 3.565e+05, 3.753e+05, 3.941e+05, 4.128e+05, 4.316e+05, 4.504e+05, 4.691e+05, 4.879e+05, 5.067e+05, 5.254e+05
0.50, 2.049e+09, 2.041e+09, 2.045e+09, 2.046e+09, 2.047e+09, 2.048e+09, 2.048e+09, 2.048e+09, 2.048e+09, 2.049e+09, 2.049e+09, 2.049e+09, 2.049e+09, 2.049e+09, 2.049e+09, 2.049e+09, 2.049e+09, 2.049e+09, 2.049e+09, 2.049e+09, 2.049e+09, 2.049e+09, 2.049e+09, 2.049e+09, 2.049e+09, 2.049e+09, 2.049e+09, 2.049e+09, 2.049e+09, 4.850e+03, 9.701e+03, 1.455e+04, 1.940e+04, 2.425e+04, 2.910e+04, 3.395e+04, 3.880e+04, 4.365e+04, 4.850e+04, 5.335e+04, 5.820e+04, 6.305e+04, 6.790e+04, 7.275e+04, 7.760e+04, 8.246e+04, 8.731e+04, 9.216e+04, 9.701e+04, 1.019e+05, 1.067e+05, 1.116e+05, 1.164e+05, 1.213e+05, 1.261e+05, 1.310e+05, 1.358e+05
0.75, 2.047e+09, 2.030e+09, 2.040e+09, 2.042e+09, 2.044e+09, 2.045e+09, 2.046e+09, 2.046e+09, 2.047e+09, 2.047e+09, 2.047e+09, 2.047e+09, 2.048e+09, 2.048e+09, 2.048e+09, 2.048e+09, 2.048e+09, 2.048e+09, 2.048e+09, 2.049e+09, 2.049e+09, 2.049e+09, 2.049e+09, 2.049e+09, 2.049e+09, 2.049e+09, 2.049e+09, 2.049e+09, 2.049e+09, 2.222e+03, 4.444e+03, 6.667e+03, 8.889e+03, 1.111e+04, 1.333e+04, 1.556e+04, 1.778e+04, 2.000e+04, 2.222e+04, 2.444e+04, 2.667e+04, 2.889e+04, 3.111e+04, 3.333e+04, 3.556e+04, 3.778e+04, 4.000e+04, 4.222e+04, 4.444e+04, 4.667e+04, 4.889e+04, 5.111e+04, 5.333e+04, 5.556e+04, 5.778e+04, 6.000e+04, 6.222e+04
1.00, 2.045e+09, 2.016e+09, 2.032e+09, 2.038e+09, 2.041e+09, 2.042e+09, 2.043e+09, 2.044e+09, 2.045e+09, 2.045e+09, 2.045e+09, 2.046e+09, 2.046e+09, 2.046e+09, 2.047e+09, 2.047e+09, 2.047e+09, 2.047e+09, 2.047e+09, 2.047e+09, 2.048e+09, 2.048e+09, 2.048e+09, 2.048e+09, 2.048e+09, 2.048e+09, 2.048e+09, 2.048e+09, 2.048e+09, 1.285e+03, 2.570e+03, 3.856e+03, 5.141e+03, 6.426e+03, 7.711e+03, 8.997e+03, 1.028e+04, 1.157e+04, 1.285e+04, 1.414e+04, 1.542e+04, 1.671e+04, 1.799e+04, 1.928e+04, 2.056e+04, 2.185e+04, 2.313e+04, 2.442e+04, 2.570e+04, 2.699e+04, 2.828e+04, 2.956e+04, 3.085e+04, 3.213e+04, 3.342e+04, 3.470e+04, 3.599e+04
1.25, 2.043e+09, 1.999e+09, 2.023e+09, 2.032e+09, 2.036e+09, 2.039e+09, 2.040e+09, 2.041e+09, 2.042e+09, 2.043e+09, 2.044e+09, 2.044e+09, 2.045e+09, 2.045e+09, 2.045e+09, 2.045e+09, 2.046e+09, 2.046e+09, 2.046e+09, 2.046e+09, 2.046e+09, 2.047e+09, 2.047e+09, 2.047e+09, 2.047e+09, 2.047e+09, 2.047e+09, 2.047e+09, 2.047e+09, 8.438e+02, 1.688e+03, 2.531e+03, 3.375e+03, 4.219e+03, 5.063e+03, 5.907e+03, 6.751e+03, 7.594e+03, 8.438e+03, 9.282e+03, 1.013e+04, 1.097e+04, 1.181e+04, 1.266e+04, 1.350e+04, 1.434e+04, 1.519e+04, 1.603e+04, 1.688e+04, 1.772e+04, 1.856e+04, 1.941e+04, 2.025e+04, 2.110e+04, 2.194e+04, 2.278e+04, 2.363e+04
1.50, 2.040e+09, 1.979e+09, 2.012e+09, 2.024e+09, 2.030e+09, 2.033e+09, 2.036e+09, 2.038e+09, 2.040e+09, 2.041e+09, 2.041e+09, 2.042e+09, 2.042e+09, 2.043e+09, 2.044e+09, 2.044e+09, 2.044e+09, 2.044e+09, 2.045e+09, 2.045e+09, 2.045e+09, 2.045e+09, 2.045e+09, 2.046e+09, 2.046e+09, 2.046e+09, 2.046e+09, 2.046e+09, 2.046e+09, 5.999e+02, 1.200e+03, 1.800e+03, 2.400e+03, 2.999e+03, 3.599e+03, 4.199e+03, 4.799e+03, 5.399e+03, 5.999e+03, 6.599e+03, 7.199e+03, 7.799e+03, 8.399e+03, 8.998e+03, 9.598e+03, 1.020e+04, 1.080e+04, 1.140e+04, 1.200e+04, 1.260e+04, 1.320e+04, 1.380e+04, 1.440e+04, 1.500e+04, 1.560e+04, 1.620e+04, 1.680e+04
1.75, 2.037e+09, 1.956e+09, 1.999e+09, 2.015e+09, 2.024e+09, 2.028e+09, 2.032e+09, 2.034e+09, 2.036e+09, 2.038e+09, 2.039e+09, 2.040e+09, 2.040e+09, 2.041e+09, 2.041e+09, 2.042e+09, 2.042e+09, 2.043e+09, 2.043e+09, 2.044e+09, 2.044e+09, 2.044e+09, 2.044e+09, 2.044e+09, 2.045e+09, 2.045e+09, 2.045e+09, 2.045e+09, 2.045e+09, 4.504e+02, 9.007e+02, 1.351e+03, 1.801e+03, 2.252e+03, 2.702e+03, 3.153e+03, 3.603e+03, 4.053e+03, 4.504e+03, 4.954e+03, 5.404e+03, 5.855e+03, 6.305e+03, 6.756e+03, 7.206e+03, 7.656e+03, 8.107e+03, 8.557e+03, 9.007e+03, 9.458e+03, 9.908e+03, 1.036e+04, 1.081e+04, 1.126e+04, 1.171e+04, 1.216e+04, 1.261e+04
2.00, 2.033e+09, 1.934e+09, 1.986e+09, 2.006e+09, 2.016e+09, 2.022e+09, 2.026e+09, 2.030e+09, 2.032e+09, 2.033e+09, 2.035e+09, 2.037e+09, 2.038e+09, 2.039e+09, 2.039e+09, 2.040e+09, 2.041e+09, 2.041e+09, 2.041e+09, 2.042e+09, 2.042e+09, 2.042e+09, 2.043e+09, 2.043e+09, 2.043e+09, 2.044e+09, 2.044e+09, 2.044e+09, 2.044e+09, 3.518e+02, 7.035e+02, 1.055e+03, 1.407e+03, 1.759e+03, 2.111e+03, 2.462e+03, 2.814e+03, 3.166e+03, 3.518e+03, 3.869e+03, 4.221e+03, 4.573e+03, 4.925e+03, 5.276e+03, 5.628e+03, 5.980e+03, 6.332e+03, 6.683e+03, 7.035e+03, 7.387e+03, 7.739e+03, 8.091e+03, 8.442e+03, 8.794e+03, 9.146e+03, 9.498e+03, 9.849e+03
2.25, 2.030e+09, 1.912e+09, 1.972e+09, 1.995e+09, 2.008e+09, 2.015e+09, 2.021e+09, 2.024e+09, 2.028e+09, 2.030e+09, 2.032e+09, 2.033e+09, 2.034e+09, 2.036e+09, 2.037e+09, 2.038e+09, 2.039e+09, 2.039e+09, 2.040e+09, 2.040e+09, 2.041e+09, 2.041e+09, 2.041e+09, 2.041e+09, 2.041e+09, 2.042e+09, 2.042e+09, 2.042e+09, 2.043e+09, 2.831e+02, 5.662e+02, 8.493e+02, 1.132e+03, 1.416e+03, 1.699e+03, 1.982e+03, 2.265e+03, 2.548e+03, 2.831e+03, 3.114e+03, 3.397e+03, 3.680e+03, 3.964e+03, 4.247e+03, 4.530e+03, 4.813e+03, 5.096e+03, 5.379e+03, 5.662e+03, 5.945e+03, 6.228e+03, 6.512e+03, 6.795e+03, 7.078e+03, 7.361e+03, 7.644e+03, 7.927e+03
2.50, 2.024e+09, 1.890e+09, 1.956e+09, 1.983e+09, 1.999e+09, 2.008e+09, 2.014e+09, 2.019e+09, 2.023e+09, 2.025e+09, 2.028e+09, 2.030e+09, 2.032e+09, 2.032e+09, 2.033e+09, 2.034e+09, 2.036e+09, 2.036e+09, 2.037e+09, 2.038e+09, 2.039e+09, 2.039e+09, 2.040e+09, 2.040e+09, 2.040e+09, 2.041e+09, 2.041e+09, 2.041e+09, 2.041e+09, 2.333e+02, 4.665e+02, 6.998e+02, 9.331e+02, 1.166e+03, 1.400e+03, 1.633e+03, 1.866e+03, 2.099e+03, 2.333e+03, 2.566e+03, 2.799e+03, 3.032e+03, 3.266e+03, 3.499e+03, 3.732e+03, 3.966e+03, 4.199e+03, 4.432e+03, 4.665e+03, 4.899e+03, 5.132e+03, 5.365e+03, 5.598e+03, 5.832e+03, 6.065e+03, 6.298e+03, 6.531e+03
2.75, 2.020e+09, 1.873e+09, 1.940e+09, 1.972e+09, 1.989e+09, 1.999e+09, 2.008e+09, 2.013e+09, 2.017e+09, 2.021e+09, 2.024e+09, 2.025e+09, 2.028e+09, 2.029e+09, 2.031e+09, 2.032e+09, 2.032e+09, 2.033e+09, 2.034e+09, 2.035e+09, 2.036e+09, 2.037e+09, 2.037e+09, 2.038e+09, 2.039e+09, 2.039e+09, 2.039e+09, 2.040e+09, 2.040e+09, 1.959e+02, 3.917e+02, 5.876e+02, 7.834e+02, 9.793e+02, 1.175e+03, 1.371e+03, 1.567e+03, 1.763e+03, 1.959e+03, 2.154e+03, 2.350e+03, 2.546e+03, 2.742e+03, 2.938e+03, 3.134e+03, 3.330e+03, 3.525e+03, 3.721e+03, 3.917e+03, 4.113e+03, 4.309e+03, 4.505e+03, 4.701e+03, 4.896e+03, 5.092e+03, 5.288e+03, 5.484e+03
3.00, 2.014e+09, 1.848e+09, 1.924e+09, 1.958e+09, 1.979e+09, 1.991e+09, 2.000e+09, 2.007e+09, 2.012e+09, 2.016e+09, 2.019e+09, 2.022e+09, 2.024e+09, 2.025e+09, 2.027e+09, 2.029e+09, 2.030e+09, 2.031e+09, 2.032e+09, 2.032e+09, 2.033e+09, 2.034e+09, 2.035e+09, 2.036e+09, 2.036e+09, 2.037e+09, 2.037e+09, 2.038e+09, 2.038e+09, 1.670e+02, 3.340e+02, 5.010e+02, 6.680e+02, 8.351e+02, 1.002e+03, 1.169e+03, 1.336e+03, 1.503e+03, 1.670e+03, 1.837e+03, 2.004e+03, 2.171e+03, 2.338e+03, 2.505e+03, 2.672e+03, 2.839e+03, 3.006e+03, 3.173e+03, 3.340e+03, 3.507e+03, 3.674e+03, 3.841e+03, 4.008e+03, 4.175e+03, 4.342e+03, 4.509e+03, 4.676e+03
3.25, 2.009e+09, 1.838e+09, 1.908e+09, 1.946e+09, 1.968e+09, 1.982e+09, 1.992e+09, 1.999e+09, 2.006e+09, 2.010e+09, 2.014e+09, 2.017e+09, 2.020e+09, 2.022e+09, 2.024e+09, 2.025e+09, 2.026e+09, 2.028e+09, 2.029e+09, 2.030e+09, 2.031e+09, 2.032e+09, 2.032e+09, 2.033e+09, 2.034e+09, 2.034e+09, 2.035e+09, 2.036e+09, 2.036e+09, 1.443e+02, 2.885e+02, 4.328e+02, 5.770e+02, 7.213e+02, 8.656e+02, 1.010e+03, 1.154e+03, 1.298e+03, 1.443e+03, 1.587e+03, 1.731e+03, 1.875e+03, 2.020e+03, 2.164e+03, 2.308e+03, 2.452e+03, 2.597e+03, 2.741e+03, 2.885e+03, 3.029e+03, 3.174e+03, 3.318e+03, 3.462e+03, 3.607e+03, 3.751e+03, 3.895e+03, 4.039e+03
3.50, 2.003e+09, 1.870e+09, 1.888e+09, 1.933e+09, 1.956e+09, 1.972e+09, 1.984e+09, 1.992e+09, 1.999e+09, 2.005e+09, 2.009e+09, 2.012e+09, 2.015e+09, 2.017e+09, 2.020e+09, 2.022e+09, 2.024e+09, 2.024e+09, 2.026e+09, 2.027e+09, 2.028e+09, 2.029e+09, 2.030e+09, 2.031e+09, 2.032e+09, 2.032e+09, 2.032e+09, 2.033e+09, 2.034e+09, 1.260e+02, 2.520e+02, 3.779e+02, 5.039e+02, 6.299e+02, 7.559e+02, 8.818e+02, 1.008e+03, 1.134e+03, 1.260e+03, 1.386e+03, 1.512e+03, 1.638e+03, 1.764e+03, 1.890e+03, 2.016e+03, 2.142e+03, 2.268e+03, 2.394e+03, 2.520e+03, 2.646e+03, 2.771e+03, 2.897e+03, 3.023e+03, 3.149e+03, 3.275e+03, 3.401e+03, 3.527e+03
3.75, 1.997e+09, 1.817e+09, 1.879e+09, 1.920e+09, 1.947e+09, 1.964e+09, 1.976e+09, 1.986e+09, 1.992e+09, 1.999e+09, 2.003e+09, 2.007e+09, 2.010e+09, 2.013e+09, 2.015e+09, 2.018e+09, 2.020e+09, 2.022e+09, 2.023e+09, 2.024e+09, 2.025e+09, 2.026e+09, 2.027e+09, 2.028e+09, 2.029e+09, 2.030e+09, 2.031e+09, 2.032e+09, 2.032e+09, 1.110e+02, 2.221e+02, 3.331e+02, 4.442e+02, 5.552e+02, 6.663e+02, 7.773e+02, 8.884e+02, 9.994e+02, 1.110e+03, 1.221e+03, 1.333e+03, 1.444e+03, 1.555e+03, 1.666e+03, 1.777e+03, 1.888e+03, 1.999e+03, 2.110e+03, 2.221e+03, 2.332e+03, 2.443e+03, 2.554e+03, 2.665e+03, 2.776e+03, 2.887e+03, 2.998e+03, 3.109e+03
4.00, 1.991e+09, 1.769e+09, 1.858e+09, 1.907e+09, 1.934e+09, 1.954e+09, 1.967e+09, 1.978e+09, 1.986e+09, 1.991e+09, 1.998e+09, 2.001e+09, 2.006e+09, 2.009e+09, 2.011e+09, 2.013e+09, 2.016e+09, 2.017e+09, 2.019e+09, 2.021e+09, 2.022e+09, 2.024e+09, 2.024e+09, 2.025e+09, 2.026e+09, 2.027e+09, 2.028e+09, 2.029e+09, 2.030e+09, 9.868e+01, 1.974e+02, 2.960e+02, 3.947e+02, 4.934e+02, 5.921e+02, 6.907e+02, 7.894e+02, 8.881e+02, 9.868e+02, 1.085e+03, 1.184e+03, 1.283e+03, 1.381e+03, 1.480e+03, 1.579e+03, 1.678e+03, 1.776e+03, 1.875e+03, 1.974e+03, 2.072e+03, 2.171e+03, 2.270e+03, 2.368e+03, 2.467e+03, 2.566e+03, 2.664e+03, 2.763e+03
4.25, 1.982e+09, 1.727e+09, 1.848e+09, 1.892e+09, 1.924e+09, 1.944e+09, 1.958e+09, 1.970e+09, 1.979e+09, 1.986e+09, 1.991e+09, 1.996e+09, 1.999e+09, 2.004e+09, 2.007e+09, 2.009e+09, 2.012e+09, 2.013e+09, 2.015e+09, 2.017e+09, 2.019e+09, 2.020e+09, 2.022e+09, 2.023e+09, 2.024e+09, 2.024e+09, 2.025e+09, 2.026e+09, 2.027e+09, 8.831e+01, 1.766e+02, 2.649e+02, 3.532e+02, 4.416e+02, 5.299e+02, 6.182e+02, 7.065e+02, 7.948e+02, 8.831e+02, 9.714e+02, 1.060e+03, 1.148e+03, 1.236e+03, 1.325e+03, 1.413e+03, 1.501e+03, 1.590e+03, 1.678e+03, 1.766e+03, 1.855e+03, 1.943e+03, 2.031e+03, 2.119e+03, 2.208e+03, 2.296e+03, 2.384e+03, 2.473e+03
4.50, 1.976e+09, 1.679e+09, 1.839e+09, 1.884e+09, 1.912e+09, 1.933e+09, 1.949e+09, 1.962e+09, 1.972e+09, 1.979e+09, 1.985e+09, 1.991e+09, 1.995e+09, 1.999e+09, 2.002e+09, 2.005e+09, 2.008e+09, 2.010e+09, 2.012e+09, 2.013e+09, 2.015e+09, 2.017e+09, 2.018e+09, 2.020e+09, 2.021e+09, 2.022e+09, 2.023e+09, 2.024e+09, 2.024e+09, 7.953e+01, 1.591e+02, 2.386e+02, 3.181e+02, 3.976e+02, 4.772e+02, 5.567e+02, 6.362e+02, 7.158e+02, 7.953e+02, 8.748e+02, 9.544e+02, 1.034e+03, 1.113e+03, 1.193e+03, 1.272e+03, 1.352e+03, 1.432e+03, 1.511e+03, 1.591e+03, 1.670e+03, 1.750e+03, 1.829e+03, 1.909e+03, 1.988e+03, 2.068e+03, 2.147e+03, 2.227e+03
4.75, 1.969e+09, 1.640e+09, 1.899e+09, 1.874e+09, 1.903e+09, 1.924e+09, 1.941e+09, 1.953e+09, 1.964e+09, 1.972e+09, 1.979e+09, 1.984e+09, 1.990e+09, 1.993e+09, 1.997e+09, 1.999e+09, 2.003e+09, 2.006e+09, 2.008e+09, 2.010e+09, 2.012e+09, 2.013e+09, 2.015e+09, 2.016e+09, 2.018e+09, 2.019e+09, 2.020e+09, 2.021e+09, 2.022e+09, 7.202e+01, 1.440e+02, 2.161e+02, 2.881e+02, 3.601e+02, 4.321e+02, 5.041e+02, 5.762e+02, 6.482e+02, 7.202e+02, 7.922e+02, 8.642e+02, 9.363e+02, 1.008e+03, 1.080e+03, 1.152e+03, 1.224e+03, 1.296e+03, 1.368e+03, 1.440e+03, 1.512e+03, 1.584e+03, 1.656e+03, 1.728e+03, 1.800e+03, 1.873e+03, 1.945e+03, 2.017e+03
5.00, 1.962e+09, 1.602e+09, 1.864e+09, 1.868e+09, 1.890e+09, 1.913e+09, 1.932e+09, 1.945e+09, 1.956e+09, 1.964e+09, 1.972e+09, 1.978e+09, 1.983e+09, 1.988e+09, 1.991e+09, 1.996e+09, 1.999e+09, 2.001e+09, 2.004e+09, 2.006e+09, 2.008e+09, 2.010e+09, 2.011e+09, 2.013e+09, 2.014e+09, 2.016e+09, 2.017e+09, 2.018e+09, 2.019e+09, 6.554e+01, 1.311e+02, 1.966e+02, 2.622e+02, 3.277e+02, 3.933e+02, 4.588e+02, 5.243e+02, 5.899e+02, 6.554e+02, 7.210e+02, 7.865e+02, 8.521e+02, 9.176e+02, 9.831e+02, 1.049e+03, 1.114e+03, 1.180e+03, 1.245e+03, 1.311e+03, 1.376e+03, 1.442e+03, 1.507e+03, 1.573e+03, 1.639e+03, 1.704e+03, 1.770e+03, 1.835e+03
5.25, 1.954e+09, 1.569e+09, 1.825e+09, 1.847e+09, 1.884e+09, 1.903e+09, 1.922e+09, 1.936e+09, 1.948e+09, 1.956e+09, 1.964e+09, 1.972e+09, 1.978e+09, 1.982e+09, 1.987e+09, 1.991e+09, 1.993e+09, 1.997e+09, 1.999e+09, 2.002e+09, 2.004e+09, 2.007e+09, 2.008e+09, 2.009e+09, 2.011e+09, 2.013e+09, 2.014e+09, 2.015e+09, 2.016e+09, 5.992e+01, 1.198e+02, 1.797e+02, 2.397e+02, 2.996e+02, 3.595e+02, 4.194e+02, 4.793e+02, 5.392e+02, 5.992e+02, 6.591e+02, 7.190e+02, 7.789e+02, 8.388e+02, 8.987e+02, 9.586e+02, 1.019e+03, 1.078e+03, 1.138e+03, 1.198e+03, 1.258e+03, 1.318e+03, 1.378e+03, 1.438e+03, 1.498e+03, 1.558e+03, 1.618e+03, 1.678e+03
5.50, 1.947e+09, 1.539e+09, 1.791e+09, 1.839e+09, 1.873e+09, 1.891e+09, 1.912e+09, 1.927e+09, 1.940e+09, 1.949e+09, 1.957e+09, 1.964e+09, 1.972e+09, 1.977e+09, 1.982e+09, 1.985e+09, 1.989e+09, 1.991e+09, 1.995e+09, 1.998e+09, 1.999e+09, 2.002e+09, 2.004e+09, 2.006e+09, 2.008e+09, 2.009e+09, 2.011e+09, 2.012e+09, 2.013e+09, 5.499e+01, 1.100e+02, 1.650e+02, 2.200e+02, 2.750e+02, 3.300e+02, 3.849e+02, 4.399e+02, 4.949e+02, 5.499e+02, 6.049e+02, 6.599e+02, 7.149e+02, 7.699e+02, 8.249e+02, 8.799e+02, 9.349e+02, 9.899e+02, 1.045e+03, 1.100e+03, 1.155e+03, 1.210e+03, 1.265e+03, 1.320e+03, 1.375e+03, 1.430e+03, 1.485e+03, 1.540e+03
5.75, 1.939e+09, 1.509e+09, 1.757e+09, 1.909e+09, 1.868e+09, 1.881e+09, 1.903e+09, 1.919e+09, 1.933e+09, 1.941e+09, 1.951e+09, 1.958e+09, 1.964e+09, 1.971e+09, 1.975e+09, 1.980e+09, 1.983e+09, 1.988e+09, 1.991e+09, 1.993e+09, 1.996e+09, 1.998e+09, 1.999e+09, 2.002e+09, 2.004e+09, 2.006e+09, 2.008e+09, 2.009e+09, 2.010e+09, 5.066e+01, 1.013e+02, 1.520e+02, 2.026e+02, 2.533e+02, 3.040e+02, 3.546e+02, 4.053e+02, 4.559e+02, 5.066e+02, 5.573e+02, 6.079e+02, 6.586e+02, 7.092e+02, 7.599e+02, 8.105e+02, 8.612e+02, 9.119e+02, 9.625e+02, 1.013e+03, 1.064e+03, 1.115e+03, 1.165e+03, 1.216e+03, 1.266e+03, 1.317e+03, 1.368e+03, 1.418e+03
6.00, 1.932e+09, 1.482e+09, 1.728e+09, 1.876e+09, 1.848e+09, 1.873e+09, 1.893e+09, 1.910e+09, 1.924e+09, 1.934e+09, 1.944e+09, 1.952e+09, 1.958e+09, 1.964e+09, 1.970e+09, 1.974e+09, 1.979e+09, 1.982e+09, 1.986e+09, 1.989e+09, 1.991e+09, 1.994e+09, 1.997e+09, 1.999e+09, 2.000e+09, 2.002e+09, 2.004e+09, 2.006e+09, 2.007e+09, 4.682e+01, 9.365e+01, 1.405e+02, 1.873e+02, 2.341e+02, 2.809e+02, 3.278e+02, 3.746e+02, 4.214e+02, 4.682e+02, 5.151e+02, 5.619e+02, 6.087e+02, 6.555e+02, 7.024e+02, 7.492e+02, 7.960e+02, 8.428e+02, 8.897e+02, 9.365e+02, 9.833e+02, 1.030e+03, 1.077e+03, 1.124e+03, 1.171e+03, 1.217e+03, 1.264e+03, 1.311e+03
6.25, 1.924e+09, 1.455e+09, 1.694e+09, 1.849e+09, 1.842e+09, 1.865e+09, 1.886e+09, 1.902e+09, 1.916e+09, 1.926e+09, 1.937e+09, 1.946e+09, 1.952e+09, 1.958e+09, 1.964e+09, 1.969e+09, 1.972e+09, 1.978e+09, 1.981e+09, 1.984e+09, 1.987e+09, 1.990e+09, 1.991e+09, 1.995e+09, 1.997e+09, 1.999e+09, 1.999e+09, 2.002e+09, 2.004e+09, 4.341e+01, 8.683e+01, 1.302e+02, 1.737e+02, 2.171e+02, 2.605e+02, 3.039e+02, 3.473e+02, 3.907e+02, 4.341e+02, 4.775e+02, 5.210e+02, 5.644e+02, 6.078e+02, 6.512e+02, 6.946e+02, 7.380e+02, 7.814e+02, 8.248e+02, 8.683e+02, 9.117e+02, 9.551e+02, 9.985e+02, 1.042e+03, 1.085e+03, 1.129e+03, 1.172e+03, 1.216e+03
6.50, 1.916e+09, 1.428e+09, 1.663e+09, 1.816e+09, 1.838e+09, 1.864e+09, 1.879e+09, 1.891e+09, 1.908e+09, 1.920e+09, 1.930e+09, 1.939e+09, 1.946e+09, 1.953e+09, 1.957e+09, 1.964e+09, 1.968e+09, 1.972e+09, 1.976e+09, 1.980e+09, 1.982e+09, 1.986e+09, 1.988e+09, 1.991e+09, 1.992e+09, 1.995e+09, 1.997e+09, 1.999e+09, 1.999e+09, 4.036e+01, 8.073e+01, 1.211e+02, 1.615e+02, 2.018e+02, 2.422e+02, 2.825e+02, 3.229e+02, 3.633e+02, 4.036e+02, 4.440e+02, 4.844e+02, 5.247e+02, 5.651e+02, 6.054e+02, 6.458e+02, 6.862e+02, 7.265e+02, 7.669e+02, 8.073e+02, 8.476e+02, 8.880e+02, 9.284e+02, 9.687e+02, 1.009e+03, 1.049e+03, 1.090e+03, 1.130e+03
6.75, 1.908e+09, 1.402e+09, 1.638e+09, 1.790e+09, 1.895e+09, 1.847e+09, 1.872e+09, 1.886e+09, 1.903e+09, 1.912e+09, 1.923e+09, 1.932e+09, 1.940e+09, 1.947e+09, 1.952e+09, 1.957e+09, 1.963e+09, 1.967e+09, 1.972e+09, 1.974e+09, 1.978e+09, 1.982e+09, 1.983e+09, 1.987e+09, 1.989e+09, 1.991e+09, 1.992e+09, 1.995e+09, 1.997e+09, 3.763e+01, 7.525e+01, 1.129e+02, 1.505e+02, 1.881e+02, 2.258e+02, 2.634e+02, 3.010e+02, 3.386e+02, 3.763e+02, 4.139e+02, 4.515e+02, 4.891e+02, 5.268e+02, 5.644e+02, 6.020e+02, 6.396e+02, 6.773e+02, 7.149e+02, 7.525e+02, 7.902e+02, 8.278e+02, 8.654e+02, 9.030e+02, 9.407e+02, 9.783e+02, 1.016e+03, 1.054e+03
7.00, 1.903e+09, 1.377e+09, 1.609e+09, 1.761e+09, 1.870e+09, 1.842e+09, 1.855e+09, 1.880e+09, 1.888e+09, 1.905e+09, 1.915e+09, 1.924e+09, 1.933e+09, 1.941e+09, 1.947e+09, 1.952e+09, 1.956e+09, 1.962e+09, 1.965e+09, 1.970e+09, 1.972e+09, 1.976e+09, 1.980e+09, 1.982e+09, 1.984e+09, 1.987e+09, 1.989e+09, 1.991e+09, 1.992e+09, 3.516e+01, 7.032e+01, 1.055e+02, 1.406e+02, 1.758e+02, 2.110e+02, 2.461e+02, 2.813e+02, 3.164e+02, 3.516e+02, 3.868e+02, 4.219e+02, 4.571e+02, 4.922e+02, 5.274e+02, 5.626e+02, 5.977e+02, 6.329e+02, 6.680e+02, 7.032e+02, 7.384e+02, 7.735e+02, 8.087e+02, 8.438e+02, 8.790e+02, 9.141e+02, 9.493e+02, 9.845e+02
7.25, 1.891e+09, 1.354e+09, 1.586e+09, 1.737e+09, 1.845e+09, 1.838e+09, 1.855e+09, 1.875e+09, 1.883e+09, 1.899e+09, 1.908e+09, 1.918e+09, 1.925e+09, 1.933e+09, 1.941e+09, 1.947e+09, 1.952e+09, 1.956e+09, 1.961e+09, 1.964e+09, 1.969e+09, 1.972e+09, 1.974e+09, 1.978e+09, 1.981e+09, 1.982e+09, 1.985e+09, 1.988e+09, 1.990e+09, 3.293e+01, 6.586e+01, 9.879e+01, 1.317e+02, 1.646e+02, 1.976e+02, 2.305e+02, 2.634e+02, 2.964e+02, 3.293e+02, 3.622e+02, 3.951e+02, 4.281e+02, 4.610e+02, 4.939e+02, 5.269e+02, 5.598e+02, 5.927e+02, 6.256e+02, 6.586e+02, 6.915e+02, 7.244e+02, 7.574e+02, 7.903e+02, 8.232e+02, 8.561e+02, 8.891e+02, 9.220e+02
7.50, 1.888e+09, 1.331e+09, 1.563e+09, 1.713e+09, 1.817e+09, 1.901e+09, 1.846e+09, 1.857e+09, 1.879e+09, 1.890e+09, 1.903e+09, 1.911e+09, 1.920e+09, 1.927e+09, 1.933e+09, 1.941e+09, 1.947e+09, 1.951e+09, 1.956e+09, 1.960e+09, 1.964e+09, 1.967e+09, 1.971e+09, 1.972e+09, 1.976e+09, 1.979e+09, 1.982e+09, 1.983e+09, 1.986e+09, 3.090e+01, 6.181e+01, 9.271e+01, 1.236e+02, 1.545e+02, 1.854e+02, 2.163e+02, 2.472e+02, 2.781e+02, 3.090e+02, 3.399e+02, 3.708e+02, 4.017e+02, 4.327e+02, 4.636e+02, 4.945e+02, 5.254e+02, 5.563e+02, 5.872e+02, 6.181e+02, 6.490e+02, 6.799e+02, 7.108e+02, 7.417e+02, 7.726e+02, 8.035e+02, 8.344e+02, 8.653e+02
7.75, 1.885e+09, 1.309e+09, 1.542e+09, 1.684e+09, 1.793e+09, 1.875e+09, 1.839e+09, 1.861e+09, 1.875e+09, 1.880e+09, 1.893e+09, 1.904e+09, 1.913e+09, 1.921e+09, 1.928e+09, 1.934e+09, 1.941e+09, 1.946e+09, 1.950e+09, 1.955e+09, 1.958e+09, 1.963e+09, 1.965e+09, 1.969e+09, 1.972e+09, 1.974e+09, 1.977e+09, 1.980e+09, 1.982e+09, 2.906e+01, 5.812e+01, 8.718e+01, 1.162e+02, 1.453e+02, 1.744e+02, 2.034e+02, 2.325e+02, 2.615e+02, 2.906e+02, 3.197e+02, 3.487e+02, 3.778e+02, 4.068e+02, 4.359e+02, 4.650e+02, 4.940e+02, 5.231e+02, 5.521e+02, 5.812e+02, 6.103e+02, 6.393e+02, 6.684e+02, 6.974e+02, 7.265e+02, 7.556e+02, 7.846e+02, 8.137e+02
8.00, 1.869e+09, 1.288e+09, 1.520e+09, 1.660e+09, 1.769e+09, 1.856e+09, 1.837e+09, 1.847e+09, 1.858e+09, 1.876e+09, 1.890e+09, 1.900e+09, 1.907e+09, 1.915e+09, 1.922e+09, 1.929e+09, 1.934e+09, 1.941e+09, 1.945e+09, 1.949e+09, 1.954e+09, 1.956e+09, 1.961e+09, 1.964e+09, 1.967e+09, 1.971e+09, 1.972e+09, 1.975e+09, 1.978e+09, 2.738e+01, 5.475e+01, 8.213e+01, 1.095e+02, 1.369e+02, 1.643e+02, 1.916e+02, 2.190e+02, 2.464e+02, 2.738e+02, 3.011e+02, 3.285e+02, 3.559e+02, 3.833e+02, 4.107e+02, 4.380e+02, 4.654e+02, 4.928e+02, 5.202e+02, 5.475e+02, 5.749e+02, 6.023e+02, 6.297e+02, 6.570e+02, 6.844e+02, 7.118e+02, 7.392e+02, 7.665e+02
8.25, 1.867e+09, 1.267e+09, 1.501e+09, 1.638e+09, 1.747e+09, 1.830e+09, 1.897e+09, 1.843e+09, 1.862e+09, 1.873e+09, 1.886e+09, 1.888e+09, 1.903e+09, 1.909e+09, 1.916e+09, 1.923e+09, 1.929e+09, 1.934e+09, 1.940e+09, 1.944e+09, 1.949e+09, 1.953e+09, 1.956e+09, 1.960e+09, 1.964e+09, 1.965e+09, 1.969e+09, 1.972e+09, 1.973e+09, 2.584e+01, 5.167e+01, 7.751e+01, 1.033e+02, 1.292e+02, 1.550e+02, 1.808e+02, 2.067e+02, 2.325e+02, 2.584e+02, 2.842e+02, 3.100e+02, 3.359e+02, 3.617e+02, 3.875e+02, 4.134e+02, 4.392e+02, 4.650e+02, 4.909e+02, 5.167e+02, 5.425e+02, 5.684e+02, 5.942e+02, 6.200e+02, 6.459e+02, 6.717e+02, 6.976e+02, 7.234e+02
8.50, 1.866e+09, 1.248e+09, 1.481e+09, 1.616e+09, 1.727e+09, 1.808e+09, 1.875e+09, 1.839e+09, 1.848e+09, 1.857e+09, 1.872e+09, 1.883e+09, 1.892e+09, 1.902e+09, 1.910e+09, 1.917e+09, 1.924e+09, 1.929e+09, 1.933e+09, 1.940e+09, 1.944e+09, 1.948e+09, 1.952e+09, 1.956e+09, 1.958e+09, 1.962e+09, 1.964e+09, 1.967e+09, 1.970e+09, 2.442e+01, 4.884e+01, 7.326e+01, 9.768e+01, 1.221e+02, 1.465e+02, 1.709e+02, 1.954e+02, 2.198e+02, 2.442e+02, 2.686e+02, 2.930e+02, 3.175e+02, 3.419e+02, 3.663e+02, 3.907e+02, 4.151e+02, 4.396e+02, 4.640e+02, 4.884e+02, 5.128e+02, 5.372e+02, 5.617e+02, 5.861e+02, 6.105e+02, 6.349e+02, 6.593e+02, 6.838e+02
8.75, 1.857e+09, 1.228e+09, 1.462e+09, 1.595e+09, 1.704e+09, 1.786e+09, 1.857e+09, 1.912e+09, 1.845e+09, 1.862e+09, 1.870e+09, 1.882e+09, 1.890e+09, 1.898e+09, 1.904e+09, 1.911e+09, 1.918e+09, 1.924e+09, 1.929e+09, 1.933e+09, 1.939e+09, 1.942e+09, 1.947e+09, 1.950e+09, 1.954e+09, 1.956e+09, 1.960e+09, 1.964e+09, 1.965e+09, 2.312e+01, 4.624e+01, 6.935e+01, 9.247e+01, 1.156e+02, 1.387e+02, 1.618e+02, 1.849e+02, 2.081e+02, 2.312e+02, 2.543e+02, 2.774e+02, 3.005e+02, 3.236e+02, 3.468e+02, 3.699e+02, 3.930e+02, 4.161e+02, 4.392e+02, 4.624e+02, 4.855e+02, 5.086e+02, 5.317e+02, 5.548e+02, 5.779e+02, 6.011e+02, 6.242e+02, 6.473e+02
9.00, 1.847e+09, 1.209e+09, 1.443e+09, 1.576e+09, 1.680e+09, 1.764e+09, 1.834e+09, 1.890e+09, 1.839e+09, 1.848e+09, 1.855e+09, 1.870e+09, 1.884e+09, 1.889e+09, 1.901e+09, 1.905e+09, 1.912e+09, 1.918e+09, 1.924e+09, 1.929e+09, 1.933e+09, 1.938e+09, 1.941e+09, 1.946e+09, 1.949e+09, 1.953e+09, 1.956e+09, 1.958e+09, 1.962e+09, 2.192e+01, 4.383e+01, 6.575e+01, 8.766e+01, 1.096e+02, 1.315e+02, 1.534e+02, 1.753e+02, 1.972e+02, 2.192e+02, 2.411e+02, 2.630e+02, 2.849e+02, 3.068e+02, 3.287e+02, 3.507e+02, 3.726e+02, 3.945e+02, 4.164e+02, 4.383e+02, 4.602e+02, 4.822e+02, 5.041e+02, 5.260e+02, 5.479e+02, 5.698e+02, 5.917e+02, 6.137e+02
9.25, 1.843e+09, 1.190e+09, 1.425e+09, 1.560e+09, 1.659e+09, 1.745e+09, 1.813e+09, 1.871e+09, 1.837e+09, 1.845e+09, 1.861e+09, 1.867e+09, 1.876e+09, 1.883e+09, 1.888e+09, 1.903e+09, 1.906e+09, 1.912e+09, 1.918e+09, 1.924e+09, 1.929e+09, 1.933e+09, 1.937e+09, 1.941e+09, 1.945e+09, 1.949e+09, 1.951e+09, 1.955e+09, 1.956e+09, 2.081e+01, 4.161e+01, 6.242e+01, 8.322e+01, 1.040e+02, 1.248e+02, 1.456e+02, 1.664e+02, 1.873e+02, 2.081e+02, 2.289e+02, 2.497e+02, 2.705e+02, 2.913e+02, 3.121e+02, 3.329e+02, 3.537e+02, 3.745e+02, 3.953e+02, 4.161e+02, 4.369e+02, 4.577e+02, 4.785e+02, 4.993e+02, 5.201e+02, 5.409e+02, 5.618e+02, 5.826e+02
9.50, 1.839e+09, 1.173e+09, 1.407e+09, 1.541e+09, 1.640e+09, 1.727e+09, 1.793e+09, 1.853e+09, 1.899e+09, 1.839e+09, 1.848e+09, 1.860e+09, 1.874e+09, 1.883e+09, 1.888e+09, 1.892e+09, 1.903e+09, 1.907e+09, 1.913e+09, 1.918e+09, 1.924e+09, 1.928e+09, 1.933e+09, 1.936e+09, 1.941e+09, 1.944e+09, 1.948e+09, 1.949e+09, 1.953e+09, 1.978e+01, 3.955e+01, 5.933e+01, 7.911e+01, 9.888e+01, 1.187e+02, 1.384e+02, 1.582e+02, 1.780e+02, 1.978e+02, 2.175e+02, 2.373e+02, 2.571e+02, 2.769e+02, 2.967e+02, 3.164e+02, 3.362e+02, 3.560e+02, 3.758e+02, 3.955e+02, 4.153e+02, 4.351e+02, 4.549e+02, 4.746e+02, 4.944e+02, 5.142e+02, 5.340e+02, 5.538e+02
9.75, 1.837e+09, 1.154e+09, 1.390e+09, 1.524e+09, 1.619e+09, 1.707e+09, 1.774e+09, 1.832e+09, 1.881e+09, 1.838e+09, 1.845e+09, 1.859e+09, 1.861e+09, 1.870e+09, 1.886e+09, 1.891e+09, 1.895e+09, 1.903e+09, 1.908e+09, 1.913e+09, 1.918e+09, 1.923e+09, 1.927e+09, 1.933e+09, 1.935e+09, 1.940e+09, 1.941e+09, 1.946e+09, 1.949e+09, 1.882e+01, 3.764e+01, 5.647e+01, 7.529e+01, 9.411e+01, 1.129e+02, 1.318e+02, 1.506e+02, 1.694e+02, 1.882e+02, 2.070e+02, 2.259e+02, 2.447e+02, 2.635e+02, 2.823e+02, 3.012e+02, 3.200e+02, 3.388e+02, 3.576e+02, 3.764e+02, 3.953e+02, 4.141e+02, 4.329e+02, 4.517e+02, 4.706e+02, 4.894e+02, 5.082e+02, 5.270e+02
10.00, 1.901e+09, 1.138e+09, 1.372e+09, 1.508e+09, 1.603e+09, 1.684e+09, 1.755e+09, 1.812e+09, 1.864e+09, 1.905e+09, 1.839e+09, 1.847e+09, 1.868e+09, 1.869e+09, 1.875e+09, 1.880e+09, 1.890e+09, 1.898e+09, 1.902e+09, 1.908e+09, 1.913e+09, 1.918e+09, 1.923e+09, 1.926e+09, 1.932e+09, 1.934e+09, 1.939e+09, 1.941e+09, 1.945e+09, 1.793e+01, 3.587e+01, 5.380e+01, 7.174e+01, 8.967e+01, 1.076e+02, 1.255e+02, 1.435e+02, 1.614e+02, 1.793e+02, 1.973e+02, 2.152e+02, 2.331e+02, 2.511e+02, 2.690e+02, 2.869e+02, 3.049e+02, 3.228e+02, 3.408e+02, 3.587e+02, 3.766e+02, 3.946e+02, 4.125e+02, 4.304e+02, 4.484e+02, 4.663e+02, 4.842e+02, 5.022e+02
10.25, 1.883e+09, 1.121e+09, 1.356e+09, 1.492e+09, 1.586e+09, 1.665e+09, 1.737e+09, 1.794e+09, 1.845e+09, 1.887e+09, 1.838e+09, 1.845e+09, 1.855e+09, 1.856e+09, 1.875e+09, 1.880e+09, 1.884e+09, 1.888e+09, 1.899e+09, 1.903e+09, 1.908e+09, 1.913e+09, 1.918e+09, 1.922e+09, 1.925e+09, 1.931e+09, 1.933e+09, 1.937e+09, 1.941e+09, 1.711e+01, 3.421e+01, 5.132e+01, 6.843e+01, 8.554e+01, 1.026e+02, 1.198e+02, 1.369e+02, 1.540e+02, 1.711e+02, 1.882e+02, 2.053e+02, 2.224e+02, 2.395e+02, 2.566e+02, 2.737e+02, 2.908e+02, 3.079e+02, 3.250e+02, 3.421e+02, 3.593e+02, 3.764e+02, 3.935e+02, 4.106e+02, 4.277e+02, 4.448e+02, 4.619e+02, 4.790e+02
10.50, 1.868e+09, 1.105e+09, 1.339e+09, 1.477e+09, 1.570e+09, 1.649e+09, 1.721e+09, 1.776e+09, 1.825e+09, 1.870e+09, 1.909e+09, 1.839e+09, 1.847e+09, 1.863e+09, 1.863e+09, 1.870e+09, 1.884e+09, 1.887e+09, 1.888e+09, 1.901e+09, 1.903e+09, 1.908e+09, 1.913e+09, 1.917e+09, 1.922e+09, 1.924e+09, 1.930e+09, 1.933e+09, 1.936e+09, 1.634e+01, 3.267e+01, 4.901e+01, 6.534e+01, 8.168e+01, 9.802e+01, 1.144e+02, 1.307e+02, 1.470e+02, 1.634e+02, 1.797e+02, 1.960e+02, 2.124e+02, 2.287e+02, 2.450e+02, 2.614e+02, 2.777e+02, 2.940e+02, 3.104e+02, 3.267e+02, 3.431e+02, 3.594e+02, 3.757e+02, 3.921e+02, 4.084e+02, 4.247e+02, 4.411e+02, 4.574e+02
10.75, 1.853e+09, 1.089e+09, 1.323e+09, 1.460e+09, 1.556e+09, 1.633e+09, 1.701e+09, 1.758e+09, 1.808e+09, 1.855e+09, 1.890e+09, 1.838e+09, 1.844e+09, 1.850e+09, 1.868e+09, 1.869e+09, 1.873e+09, 1.886e+09, 1.889e+09, 1.889e+09, 1.901e+09, 1.903e+09, 1.908e+09, 1.913e+09, 1.917e+09, 1.921e+09, 1.924e+09, 1.929e+09, 1.933e+09, 1.562e+01, 3.123e+01, 4.685e+01, 6.246e+01, 7.808e+01, 9.369e+01, 1.093e+02, 1.249e+02, 1.405e+02, 1.562e+02, 1.718e+02, 1.874e+02, 2.030e+02, 2.186e+02, 2.342e+02, 2.498e+02, 2.655e+02, 2.811e+02, 2.967e+02, 3.123e+02, 3.279e+02, 3.435e+02, 3.591e+02, 3.748e+02, 3.904e+02, 4.060e+02, 4.216e+02, 4.372e+02
11.00, 1.835e+09, 1.072e+09, 1.308e+09, 1.445e+09, 1.540e+09, 1.614e+09, 1.682e+09, 1.741e+09, 1.791e+09, 1.836e+09, 1.874e+09, 1.910e+09, 1.839e+09, 1.847e+09, 1.859e+09, 1.856e+09, 1.873e+09, 1.876e+09, 1.882e+09, 1.890e+09, 1.891e+09, 1.902e+09, 1.903e+09, 1.908e+09, 1.912e+09, 1.916e+09, 1.920e+09, 1.924e+09, 1.927e+09, 1.494e+01, 2.988e+01, 4.482e+01, 5.976e+01, 7.470e+01, 8.964e+01, 1.046e+02, 1.195e+02, 1.345e+02, 1.494e+02, 1.643e+02, 1.793e+02, 1.942e+02, 2.092e+02, 2.241e+02, 2.390e+02, 2.540e+02, 2.689e+02, 2.839e+02, 2.988e+02, 3.138e+02, 3.287e+02, 3.436e+02, 3.586e+02, 3.735e+02, 3.885e+02, 4.034e+02, 4.183e+02
11.25, 1.819e+09, 1.058e+09, 1.293e+09, 1.430e+09, 1.525e+09, 1.598e+09, 1.664e+09, 1.727e+09, 1.774e+09, 1.817e+09, 1.860e+09, 1.892e+09, 1.838e+09, 1.843e+09, 1.847e+09, 1.865e+09, 1.861e+09, 1.875e+09, 1.879e+09, 1.880e+09, 1.891e+09, 1.892e+09, 1.902e+09, 1.903e+09, 1.908e+09, 1.912e+09, 1.916e+09, 1.920e+09, 1.924e+09, 1.431e+01, 2.862e+01, 4.292e+01, 5.723e+01, 7.154e+01, 8.585e+01, 1.002e+02, 1.145e+02, 1.288e+02, 1.431e+02, 1.574e+02, 1.717e+02, 1.860e+02, 2.003e+02, 2.146e+02, 2.289e+02, 2.432e+02, 2.575e+02, 2.719e+02, 2.862e+02, 3.005e+02, 3.148e+02, 3.291e+02, 3.434e+02, 3.577e+02, 3.720e+02, 3.863e+02, 4.006e+02
11.50, 1.803e+09, 1.043e+09, 1.278e+09, 1.415e+09, 1.510e+09, 1.584e+09, 1.649e+09, 1.710e+09, 1.757e+09, 1.801e+09, 1.842e+09, 1.875e+09, 1.909e+09, 1.838e+09, 1.846e+09, 1.854e+09, 1.868e+09, 1.866e+09, 1.870e+09, 1.882e+09, 1.881e+09, 1.891e+09, 1.892e+09, 1.902e+09, 1.903e+09, 1.908e+09, 1.911e+09, 1.915e+09, 1.919e+09, 1.371e+01, 2.743e+01, 4.114e+01, 5.486e+01, 6.857e+01, 8.229e+01, 9.600e+01, 1.097e+02, 1.234e+02, 1.371e+02, 1.509e+02, 1.646e+02, 1.783e+02, 1.920e+02, 2.057e+02, 2.194e+02, 2.332e+02, 2.469e+02, 2.606e+02, 2.743e+02, 2.880e+02, 3.017e+02, 3.154e+02, 3.292e+02, 3.429e+02, 3.566e+02, 3.703e+02, 3.840e+02
11.75, 1.789e+09, 1.028e+09, 1.265e+09, 1.400e+09, 1.497e+09, 1.569e+09, 1.634e+09, 1.690e+09, 1.742e+09, 1.786e+09, 1.824e+09, 1.862e+09, 1.892e+09, 1.837e+09, 1.841e+09, 1.847e+09, 1.859e+09, 1.855e+09, 1.870e+09, 1.870e+09, 1.884e+09, 1.883e+09, 1.891e+09, 1.893e+09, 1.902e+09, 1.903e+09, 1.907e+09, 1.911e+09, 1.915e+09, 1.316e+01, 2.631e+01, 3.947e+01, 5.263e+01, 6.579e+01, 7.894e+01, 9.210e+01, 1.053e+02, 1.184e+02, 1.316e+02, 1.447e+02, 1.579e+02, 1.710e+02, 1.842e+02, 1.974e+02, 2.105e+02, 2.237e+02, 2.368e+02, 2.500e+02, 2.631e+02, 2.763e+02, 2.895e+02, 3.026e+02, 3.158e+02, 3.289e+02, 3.421e+02, 3.552e+02, 3.684e+02
12.00, 1.775e+09, 1.014e+09, 1.251e+09, 1.387e+09, 1.483e+09, 1.557e+09, 1.617e+09, 1.674e+09, 1.729e+09, 1.769e+09, 1.809e+09, 1.846e+09, 1.876e+09, 1.907e+09, 1.839e+09, 1.844e+09, 1.848e+09, 1.863e+09, 1.858e+09, 1.873e+09, 1.873e+09, 1.885e+09, 1.884e+09, 1.890e+09, 1.893e+09, 1.902e+09, 1.903e+09, 1.907e+09, 1.910e+09, 1.263e+01, 2.527e+01, 3.790e+01, 5.053e+01, 6.316e+01, 7.580e+01, 8.843e+01, 1.011e+02, 1.137e+02, 1.263e+02, 1.390e+02, 1.516e+02, 1.642e+02, 1.769e+02, 1.895e+02, 2.021e+02, 2.148e+02, 2.274e+02, 2.400e+02, 2.527e+02, 2.653e+02, 2.779e+02, 2.906e+02, 3.032e+02, 3.158e+02, 3.285e+02, 3.411e+02, 3.537e+02
12.25, 1.759e+09, 1.000e+09, 1.237e+09, 1.372e+09, 1.470e+09, 1.542e+09, 1.602e+09, 1.659e+09, 1.713e+09, 1.755e+09, 1.794e+09, 1.829e+09, 1.863e+09, 1.891e+09, 1.837e+09, 1.839e+09, 1.846e+09, 1.853e+09, 1.868e+09, 1.861e+09, 1.875e+09, 1.875e+09, 1.886e+09, 1.885e+09, 1.890e+09, 1.893e+09, 1.902e+09, 1.902e+09, 1.906e+09, 1.214e+01, 2.428e+01, 3.642e+01, 4.855e+01, 6.069e+01, 7.283e+01, 8.497e+01, 9.711e+01, 1.092e+02, 1.214e+02, 1.335e+02, 1.457e+02, 1.578e+02, 1.699e+02, 1.821e+02, 1.942e+02, 2.064e+02, 2.185e+02, 2.306e+02, 2.428e+02, 2.549e+02, 2.671e+02, 2.792e+02, 2.913e+02, 3.035e+02, 3.156e+02, 3.277e+02, 3.399e+02
12.50, 1.747e+09, 9.867e+08, 1.223e+09, 1.359e+09, 1.455e+09, 1.529e+09, 1.589e+09, 1.644e+09, 1.694e+09, 1.740e+09, 1.779e+09, 1.815e+09, 1.849e+09, 1.875e+09, 1.904e+09, 1.838e+09, 1.842e+09, 1.847e+09, 1.858e+09, 1.863e+09, 1.865e+09, 1.875e+09, 1.877e+09, 1.886e+09, 1.886e+09, 1.890e+09, 1.892e+09, 1.901e+09, 1.902e+09, 1.167e+01, 2.335e+01, 3.502e+01, 4.669e+01, 5.836e+01, 7.004e+01, 8.171e+01, 9.338e+01, 1.051e+02, 1.167e+02, 1.284e+02, 1.401e+02, 1.517e+02, 1.634e+02, 1.751e+02, 1.868e+02, 1.984e+02, 2.101e+02, 2.218e+02, 2.335e+02, 2.451e+02, 2.568e+02, 2.685e+02, 2.801e+02, 2.918e+02, 3.035e+02, 3.152e+02, 3.268e+02
12.75, 1.735e+09, 9.731e+08, 1.209e+09, 1.346e+09, 1.442e+09, 1.516e+09, 1.575e+09, 1.631e+09, 1.678e+09, 1.727e+09, 1.762e+09, 1.799e+09, 1.833e+09, 1.863e+09, 1.889e+09, 1.915e+09, 1.838e+09, 1.845e+09, 1.848e+09, 1.861e+09, 1.855e+09, 1.868e+09, 1.872e+09, 1.878e+09, 1.886e+09, 1.886e+09, 1.890e+09, 1.892e+09, 1.901e+09, 1.123e+01, 2.247e+01, 3.370e+01, 4.493e+01, 5.616e+01, 6.740e+01, 7.863e+01, 8.986e+01, 1.011e+02, 1.123e+02, 1.236e+02, 1.348e+02, 1.460e+02, 1.573e+02, 1.685e+02, 1.797e+02, 1.910e+02, 2.022e+02, 2.134e+02, 2.247e+02, 2.359e+02, 2.471e+02, 2.584e+02, 2.696e+02, 2.808e+02, 2.921e+02, 3.033e+02, 3.145e+02
13.00, 1.724e+09, 9.599e+08, 1.196e+09, 1.333e+09, 1.430e+09, 1.503e+09, 1.563e+09, 1.615e+09, 1.663e+09, 1.713e+09, 1.750e+09, 1.785e+09, 1.816e+09, 1.850e+09, 1.874e+09, 1.900e+09, 1.838e+09, 1.840e+09, 1.846e+09, 1.850e+09, 1.864e+09, 1.857e+09, 1.870e+09, 1.870e+09, 1.879e+09, 1.885e+09, 1.886e+09, 1.890e+09, 1.891e+09, 1.082e+01, 2.163e+01, 3.245e+01, 4.327e+01, 5.408e+01, 6.490e+01, 7.572e+01, 8.654e+01, 9.735e+01, 1.082e+02, 1.190e+02, 1.298e+02, 1.406e+02, 1.514e+02, 1.623e+02, 1.731e+02, 1.839e+02, 1.947e+02, 2.055e+02, 2.163e+02, 2.272e+02, 2.380e+02, 2.488e+02, 2.596e+02, 2.704e+02, 2.812e+02, 2.921e+02, 3.029e+02
13.25, 1.710e+09, 9.469e+08, 1.183e+09, 1.320e+09, 1.417e+09, 1.491e+09, 1.552e+09, 1.601e+09, 1.650e+09, 1.695e+09, 1.737e+09, 1.771e+09, 1.803e+09, 1.834e+09, 1.862e+09, 1.886e+09, 1.911e+09, 1.839e+09, 1.843e+09, 1.847e+09, 1.855e+09, 1.867e+09, 1.859e+09, 1.871e+09, 1.870e+09, 1.880e+09, 1.885e+09, 1.886e+09, 1.891e+09, 1.042e+01, 2.085e+01, 3.127e+01, 4.169e+01, 5.212e+01, 6.254e+01, 7.296e+01, 8.339e+01, 9.381e+01, 1.042e+02, 1.147e+02, 1.251e+02, 1.355e+02, 1.459e+02, 1.564e+02, 1.668e+02, 1.772e+02, 1.876e+02, 1.980e+02, 2.085e+02, 2.189e+02, 2.293e+02, 2.397e+02, 2.502e+02, 2.606e+02, 2.710e+02, 2.814e+02, 2.919e+02
13.50, 1.695e+09, 9.343e+08, 1.171e+09, 1.307e+09, 1.403e+09, 1.479e+09, 1.539e+09, 1.589e+09, 1.638e+09, 1.680e+09, 1.724e+09, 1.757e+09, 1.790e+09, 1.820e+09, 1.849e+09, 1.873e+09, 1.895e+09, 1.837e+09, 1.839e+09, 1.844e+09, 1.847e+09, 1.858e+09, 1.868e+09, 1.860e+09, 1.872e+09, 1.870e+09, 1.880e+09, 1.884e+09, 1.886e+09, 1.005e+01, 2.010e+01, 3.015e+01, 4.020e+01, 5.026e+01, 6.031e+01, 7.036e+01, 8.041e+01, 9.046e+01, 1.005e+02, 1.106e+02, 1.206e+02, 1.307e+02, 1.407e+02, 1.508e+02, 1.608e+02, 1.709e+02, 1.809e+02, 1.910e+02, 2.010e+02, 2.111e+02, 2.211e+02, 2.312e+02, 2.412e+02, 2.513e+02, 2.613e+02, 2.714e+02, 2.814e+02
13.75, 1.682e+09, 9.218e+08, 1.158e+09, 1.295e+09, 1.392e+09, 1.467e+09, 1.526e+09, 1.576e+09, 1.622e+09, 1.665e+09, 1.710e+09, 1.743e+09, 1.775e+09, 1.805e+09, 1.834e+09, 1.861e+09, 1.883e+09, 1.905e+09, 1.838e+09, 1.840e+09, 1.846e+09, 1.848e+09, 1.860e+09, 1.863e+09, 1.863e+09, 1.873e+09, 1.870e+09, 1.880e+09, 1.885e+09, 9.698e+00, 1.940e+01, 2.909e+01, 3.879e+01, 4.849e+01, 5.819e+01, 6.789e+01, 7.758e+01, 8.728e+01, 9.698e+01, 1.067e+02, 1.164e+02, 1.261e+02, 1.358e+02, 1.455e+02, 1.552e+02, 1.649e+02, 1.746e+02, 1.843e+02, 1.940e+02, 2.037e+02, 2.134e+02, 2.231e+02, 2.327e+02, 2.424e+02, 2.521e+02, 2.618e+02, 2.715e+02
14.00, 1.669e+09, 9.087e+08, 1.146e+09, 1.283e+09, 1.379e+09, 1.455e+09, 1.514e+09, 1.565e+09, 1.609e+09, 1.653e+09, 1.693e+09, 1.732e+09, 1.761e+09, 1.792e+09, 1.819e+09, 1.847e+09, 1.870e+09, 1.892e+09, 1.913e+09, 1.839e+09, 1.842e+09, 1.847e+09, 1.850e+09, 1.862e+09, 1.855e+09, 1.864e+09, 1.874e+09, 1.871e+09, 1.880e+09, 9.363e+00, 1.873e+01, 2.809e+01, 3.745e+01, 4.681e+01, 5.618e+01, 6.554e+01, 7.490e+01, 8.427e+01, 9.363e+01, 1.030e+02, 1.124e+02, 1.217e+02, 1.311e+02, 1.404e+02, 1.498e+02, 1.592e+02, 1.685e+02, 1.779e+02, 1.873e+02, 1.966e+02, 2.060e+02, 2.153e+02, 2.247e+02, 2.341e+02, 2.434e+02, 2.528e+02, 2.622e+02
14.25, 1.658e+09, 8.974e+08, 1.134e+09, 1.271e+09, 1.368e+09, 1.443e+09, 1.503e+09, 1.555e+09, 1.597e+09, 1.640e+09, 1.679e+09, 1.719e+09, 1.749e+09, 1.779e+09, 1.806e+09, 1.833e+09, 1.859e+09, 1.879e+09, 1.899e+09, 1.837e+09, 1.838e+09, 1.844e+09, 1.847e+09, 1.853e+09, 1.863e+09, 1.855e+09, 1.865e+09, 1.874e+09, 1.871e+09, 9.045e+00, 1.809e+01, 2.713e+01, 3.618e+01, 4.522e+01, 5.427e+01, 6.331e+01, 7.236e+01, 8.140e+01, 9.045e+01, 9.949e+01, 1.085e+02, 1.176e+02, 1.266e+02, 1.357e+02, 1.447e+02, 1.538e+02, 1.628e+02, 1.718e+02, 1.809e+02, 1.899e+02, 1.990e+02, 2.080e+02, 2.171e+02, 2.261e+02, 2.352e+02, 2.442e+02, 2.532e+02
14.50, 1.648e+09, 8.853e+08, 1.123e+09, 1.259e+09, 1.356e+09, 1.431e+09, 1.492e+09, 1.542e+09, 1.586e+09, 1.628e+09, 1.665e+09, 1.705e+09, 1.737e+09, 1.764e+09, 1.793e+09, 1.820e+09, 1.845e+09, 1.867e+09, 1.886e+09, 1.907e+09, 1.838e+09, 1.839e+09, 1.845e+09, 1.847e+09, 1.855e+09, 1.865e+09, 1.856e+09, 1.866e+09, 1.875e+09, 8.742e+00, 1.748e+01, 2.623e+01, 3.497e+01, 4.371e+01, 5.245e+01, 6.120e+01, 6.994e+01, 7.868e+01, 8.742e+01, 9.616e+01, 1.049e+02, 1.136e+02, 1.224e+02, 1.311e+02, 1.399e+02, 1.486e+02, 1.574e+02, 1.661e+02, 1.748e+02, 1.836e+02, 1.923e+02, 2.011e+02, 2.098e+02, 2.186e+02, 2.273e+02, 2.360e+02, 2.448e+02
14.75, 1.638e+09, 8.734e+08, 1.111e+09, 1.249e+09, 1.345e+09, 1.420e+09, 1.481e+09, 1.531e+09, 1.574e+09, 1.614e+09, 1.654e+09, 1.689e+09, 1.726e+09, 1.754e+09, 1.780e+09, 1.806e+09, 1.831e+09, 1.856e+09, 1.874e+09, 1.894e+09, 1.914e+09, 1.838e+09, 1.840e+09, 1.846e+09, 1.847e+09, 1.857e+09, 1.867e+09, 1.857e+09, 1.867e+09, 8.455e+00, 1.691e+01, 2.536e+01, 3.382e+01, 4.227e+01, 5.073e+01, 5.918e+01, 6.764e+01, 7.609e+01, 8.455e+01, 9.300e+01, 1.015e+02, 1.099e+02, 1.184e+02, 1.268e+02, 1.353e+02, 1.437e+02, 1.522e+02, 1.606e+02, 1.691e+02, 1.775e+02, 1.860e+02, 1.945e+02, 2.029e+02, 2.114e+02, 2.198e+02, 2.283e+02, 2.367e+02
15.00, 1.625e+09, 8.620e+08, 1.099e+09, 1.237e+09, 1.334e+09, 1.407e+09, 1.470e+09, 1.519e+09, 1.564e+09, 1.603e+09, 1.641e+09, 1.676e+09, 1.713e+09, 1.741e+09, 1.767e+09, 1.794e+09, 1.817e+09, 1.842e+09, 1.864e+09, 1.882e+09, 1.901e+09, 1.837e+09, 1.839e+09, 1.842e+09, 1.846e+09, 1.848e+09, 1.858e+09, 1.868e+09, 1.857e+09, 8.181e+00, 1.636e+01, 2.454e+01, 3.272e+01, 4.090e+01, 4.908e+01, 5.727e+01, 6.545e+01, 7.363e+01, 8.181e+01, 8.999e+01, 9.817e+01, 1.063e+02, 1.145e+02, 1.227e+02, 1.309e+02, 1.391e+02, 1.473e+02, 1.554e+02, 1.636e+02, 1.718e+02, 1.800e+02, 1.882e+02, 1.963e+02, 2.045e+02, 2.127e+02, 2.209e+02, 2.291e+02
15.25, 1.615e+09, 8.509e+08, 1.088e+09, 1.226e+09, 1.322e+09, 1.397e+09, 1.459e+09, 1.509e+09, 1.554e+09, 1.592e+09, 1.630e+09, 1.663e+09, 1.698e+09, 1.731e+09, 1.756e+09, 1.781e+09, 1.806e+09, 1.828e+09, 1.853e+09, 1.870e+09, 1.888e+09, 1.907e+09, 1.838e+09, 1.839e+09, 1.843e+09, 1.847e+09, 1.849e+09, 1.860e+09, 1.868e+09, 7.920e+00, 1.584e+01, 2.376e+01, 3.168e+01, 3.960e+01, 4.752e+01, 5.544e+01, 6.336e+01, 7.128e+01, 7.920e+01, 8.712e+01, 9.504e+01, 1.030e+02, 1.109e+02, 1.188e+02, 1.267e+02, 1.346e+02, 1.426e+02, 1.505e+02, 1.584e+02, 1.663e+02, 1.742e+02, 1.822e+02, 1.901e+02, 1.980e+02, 2.059e+02, 2.138e+02, 2.218e+02
15.50, 1.605e+09, 8.395e+08, 1.077e+09, 1.215e+09, 1.311e+09, 1.387e+09, 1.448e+09, 1.499e+09, 1.542e+09, 1.581e+09, 1.617e+09, 1.652e+09, 1.684e+09, 1.719e+09, 1.744e+09, 1.769e+09, 1.793e+09, 1.815e+09, 1.839e+09, 1.860e+09, 1.875e+09, 1.894e+09, 1.912e+09, 1.838e+09, 1.839e+09, 1.844e+09, 1.847e+09, 1.850e+09, 1.861e+09, 7.671e+00, 1.534e+01, 2.301e+01, 3.068e+01, 3.836e+01, 4.603e+01, 5.370e+01, 6.137e+01, 6.904e+01, 7.671e+01, 8.438e+01, 9.205e+01, 9.972e+01, 1.074e+02, 1.151e+02, 1.227e+02, 1.304e+02, 1.381e+02, 1.458e+02, 1.534e+02, 1.611e+02, 1.688e+02, 1.764e+02, 1.841e+02, 1.918e+02, 1.994e+02, 2.071e+02, 2.148e+02
15.75, 1.595e+09, 8.281e+08, 1.066e+09, 1.204e+09, 1.300e+09, 1.375e+09, 1.437e+09, 1.488e+09, 1.532e+09, 1.570e+09, 1.606e+09, 1.641e+09, 1.671e+09, 1.706e+09, 1.734e+09, 1.757e+09, 1.781e+09, 1.804e+09, 1.825e+09, 1.847e+09, 1.866e+09, 1.883e+09, 1.900e+09, 1.916e+09, 1.839e+09, 1.840e+09, 1.845e+09, 1.847e+09, 1.852e+09, 7.434e+00, 1.487e+01, 2.230e+01, 2.974e+01, 3.717e+01, 4.460e+01, 5.204e+01, 5.947e+01, 6.690e+01, 7.434e+01, 8.177e+01, 8.921e+01, 9.664e+01, 1.041e+02, 1.115e+02, 1.189e+02, 1.264e+02, 1.338e+02, 1.412e+02, 1.487e+02, 1.561e+02, 1.635e+02, 1.710e+02, 1.784e+02, 1.858e+02, 1.933e+02, 2.007e+02, 2.081e+02
16.00, 1.586e+09, 8.175e+08, 1.056e+09, 1.194e+09, 1.291e+09, 1.365e+09, 1.426e+09, 1.478e+09, 1.521e+09, 1.561e+09, 1.594e+09, 1.630e+09, 1.660e+09, 1.690e+09, 1.723e+09, 1.746e+09, 1.769e+09, 1.793e+09, 1.813e+09, 1.835e+09, 1.856e+09, 1.872e+09, 1.888e+09, 1.905e+09, 1.837e+09, 1.839e+09, 1.841e+09, 1.846e+09, 1.847e+09, 7.207e+00, 1.441e+01, 2.162e+01, 2.883e+01, 3.604e+01, 4.324e+01, 5.045e+01, 5.766e+01, 6.486e+01, 7.207e+01, 7.928e+01, 8.649e+01, 9.369e+01, 1.009e+02, 1.081e+02, 1.153e+02, 1.225e+02, 1.297e+02, 1.369e+02, 1.441e+02, 1.514e+02, 1.586e+02, 1.658e+02, 1.730e+02, 1.802e+02, 1.874e+02, 1.946e+02, 2.018e+02
16.25, 1.577e+09, 8.067e+08, 1.045e+09, 1.183e+09, 1.280e+09, 1.355e+09, 1.416e+09, 1.468e+09, 1.511e+09, 1.551e+09, 1.584e+09, 1.617e+09, 1.649e+09, 1.678e+09, 1.711e+09, 1.736e+09, 1.758e+09, 1.780e+09, 1.802e+09, 1.822e+09, 1.843e+09, 1.862e+09, 1.876e+09, 1.893e+09, 1.910e+09, 1.838e+09, 1.838e+09, 1.842e+09, 1.846e+09, 6.991e+00, 1.398e+01, 2.097e+01, 2.796e+01, 3.495e+01, 4.194e+01, 4.894e+01, 5.593e+01, 6.292e+01, 6.991e+01, 7.690e+01, 8.389e+01, 9.088e+01, 9.787e+01, 1.049e+02, 1.119e+02, 1.188e+02, 1.258e+02, 1.328e+02, 1.398e+02, 1.468e+02, 1.538e+02, 1.608e+02, 1.678e+02, 1.748e+02, 1.818e+02, 1.887e+02, 1.957e+02
16.50, 1.568e+09, 7.959e+08, 1.034e+09, 1.173e+09, 1.270e+09, 1.344e+09, 1.406e+09, 1.457e+09, 1.501e+09, 1.540e+09, 1.574e+09, 1.606e+09, 1.638e+09, 1.666e+09, 1.697e+09, 1.726e+09, 1.747e+09, 1.769e+09, 1.791e+09, 1.811e+09, 1.830e+09, 1.851e+09, 1.867e+09, 1.882e+09, 1.897e+09, 1.913e+09, 1.838e+09, 1.839e+09, 1.843e+09, 6.784e+00, 1.357e+01, 2.035e+01, 2.714e+01, 3.392e+01, 4.070e+01, 4.749e+01, 5.427e+01, 6.105e+01, 6.784e+01, 7.462e+01, 8.141e+01, 8.819e+01, 9.497e+01, 1.018e+02, 1.085e+02, 1.153e+02, 1.221e+02, 1.289e+02, 1.357e+02, 1.425e+02, 1.492e+02, 1.560e+02, 1.628e+02, 1.696e+02, 1.764e+02, 1.832e+02, 1.899e+02
16.75, 1.561e+09, 7.859e+08, 1.024e+09, 1.162e+09, 1.259e+09, 1.335e+09, 1.395e+09, 1.447e+09, 1.492e+09, 1.530e+09, 1.565e+09, 1.596e+09, 1.627e+09, 1.656e+09, 1.684e+09, 1.715e+09, 1.737e+09, 1.758e+09, 1.779e+09, 1.799e+09, 1.819e+09, 1.838e+09, 1.858e+09, 1.872e+09, 1.886e+09, 1.902e+09, 1.916e+09, 1.838e+09, 1.839e+09, 6.586e+00, 1.317e+01, 1.976e+01, 2.634e+01, 3.293e+01, 3.951e+01, 4.610e+01, 5.269e+01, 5.927e+01, 6.586e+01, 7.244e+01, 7.903e+01, 8.561e+01, 9.220e+01, 9.879e+01, 1.054e+02, 1.120e+02, 1.185e+02, 1.251e+02, 1.317e+02, 1.383e+02, 1.449e+02, 1.515e+02, 1.581e+02, 1.646e+02, 1.712e+02, 1.778e+02, 1.844e+02
17.00, 1.553e+09, 7.758e+08, 1.014e+09, 1.152e+09, 1.250e+09, 1.324e+09, 1.386e+09, 1.437e+09, 1.482e+09, 1.520e+09, 1.556e+09, 1.586e+09, 1.616e+09, 1.646e+09, 1.672e+09, 1.701e+09, 1.727e+09, 1.748e+09, 1.768e+09, 1.789e+09, 1.808e+09, 1.825e+09, 1.845e+09, 1.862e+09, 1.875e+09, 1.890e+09, 1.905e+09, 1.837e+09, 1.839e+09, 6.396e+00, 1.279e+01, 1.919e+01, 2.558e+01, 3.198e+01, 3.838e+01, 4.477e+01, 5.117e+01, 5.757e+01, 6.396e+01, 7.036e+01, 7.675e+01, 8.315e+01, 8.955e+01, 9.594e+01, 1.023e+02, 1.087e+02, 1.151e+02, 1.215e+02, 1.279e+02, 1.343e+02, 1.407e+02, 1.471e+02, 1.535e+02, 1.599e+02, 1.663e+02, 1.727e+02, 1.791e+02
17.25, 1.544e+09, 7.658e+08, 1.005e+09, 1.143e+09, 1.240e+09, 1.315e+09, 1.375e+09, 1.428e+09, 1.473e+09, 1.510e+09, 1.545e+09, 1.576e+09, 1.606e+09, 1.636e+09, 1.661e+09, 1.687e+09, 1.717e+09, 1.738e+09, 1.757e+09, 1.778e+09, 1.797e+09, 1.815e+09, 1.833e+09, 1.852e+09, 1.866e+09, 1.880e+09, 1.894e+09, 1.909e+09, 1.837e+09, 6.215e+00, 1.243e+01, 1.864e+01, 2.486e+01, 3.107e+01, 3.729e+01, 4.350e+01, 4.972e+01, 5.593e+01, 6.215e+01, 6.836e+01, 7.458e+01, 8.079e+01, 8.701e+01, 9.322e+01, 9.943e+01, 1.056e+02, 1.119e+02, 1.181e+02, 1.243e+02, 1.305e+02, 1.367e+02, 1.429e+02, 1.492e+02, 1.554e+02, 1.616e+02, 1.678e+02, 1.740e+02
17.50, 1.536e+09, 7.558e+08, 9.954e+08, 1.133e+09, 1.230e+09, 1.305e+09, 1.366e+09, 1.418e+09, 1.463e+09, 1.501e+09, 1.536e+09, 1.567e+09, 1.596e+09, 1.623e+09, 1.652e+09, 1.677e+09, 1.704e+09, 1.728e+09, 1.747e+09, 1.766e+09, 1.786e+09, 1.804e+09, 1.821e+09, 1.840e+09, 1.857e+09, 1.870e+09, 1.884e+09, 1.897e+09, 1.912e+09, 6.041e+00, 1.208e+01, 1.812e+01, 2.416e+01, 3.020e+01, 3.624e+01, 4.228e+01, 4.833e+01, 5.437e+01, 6.041e+01, 6.645e+01, 7.249e+01, 7.853e+01, 8.457e+01, 9.061e+01, 9.665e+01, 1.027e+02, 1.087e+02, 1.148e+02, 1.208e+02, 1.269e+02, 1.329e+02, 1.389e+02, 1.450e+02, 1.510e+02, 1.571e+02, 1.631e+02, 1.691e+02
17.75, 1.528e+09, 7.460e+08, 9.858e+08, 1.123e+09, 1.221e+09, 1.295e+09, 1.357e+09, 1.408e+09, 1.453e+09, 1.492e+09, 1.527e+09, 1.559e+09, 1.586e+09, 1.614e+09, 1.641e+09, 1.665e+09, 1.691e+09, 1.718e+09, 1.738e+09, 1.756e+09, 1.776e+09, 1.794e+09, 1.811e+09, 1.827e+09, 1.845e+09, 1.861e+09, 1.873e+09, 1.887e+09, 1.901e+09, 5.874e+00, 1.175e+01, 1.762e+01, 2.350e+01, 2.937e+01, 3.524e+01, 4.112e+01, 4.699e+01, 5.286e+01, 5.874e+01, 6.461e+01, 7.049e+01, 7.636e+01, 8.223e+01, 8.811e+01, 9.398e+01, 9.985e+01, 1.057e+02, 1.116e+02, 1.175e+02, 1.233e+02, 1.292e+02, 1.351e+02, 1.410e+02, 1.468e+02, 1.527e+02, 1.586e+02, 1.645e+02
18.00, 1.519e+09, 7.362e+08, 9.758e+08, 1.114e+09, 1.211e+09, 1.286e+09, 1.347e+09, 1.398e+09, 1.444e+09, 1.483e+09, 1.517e+09, 1.550e+09, 1.576e+09, 1.604e+09, 1.632e+09, 1.656e+09, 1.680e+09, 1.706e+09, 1.729e+09, 1.746e+09, 1.764e+09, 1.783e+09, 1.800e+09, 1.816e+09, 1.834e+09, 1.851e+09, 1.864e+09, 1.876e+09, 1.890e+09, 5.714e+00, 1.143e+01, 1.714e+01, 2.285e+01, 2.857e+01, 3.428e+01, 4.000e+01, 4.571e+01, 5.142e+01, 5.714e+01, 6.285e+01, 6.856e+01, 7.428e+01, 7.999e+01, 8.570e+01, 9.142e+01, 9.713e+01, 1.028e+02, 1.086e+02, 1.143e+02, 1.200e+02, 1.257e+02, 1.314e+02, 1.371e+02, 1.428e+02, 1.486e+02, 1.543e+02, 1.600e+02
18.25, 1.512e+09, 7.269e+08, 9.667e+08, 1.104e+09, 1.202e+09, 1.277e+09, 1.338e+09, 1.390e+09, 1.434e+09, 1.475e+09, 1.508e+09, 1.540e+09, 1.568e+09, 1.594e+09, 1.619e+09, 1.646e+09, 1.669e+09, 1.693e+09, 1.718e+09, 1.737e+09, 1.755e+09, 1.773e+09, 1.791e+09, 1.807e+09, 1.821e+09, 1.839e+09, 1.856e+09, 1.868e+09, 1.880e+09, 5.560e+00, 1.112e+01, 1.668e+01, 2.224e+01, 2.780e+01, 3.336e+01, 3.892e+01, 4.448e+01, 5.004e+01, 5.560e+01, 6.116e+01, 6.672e+01, 7.228e+01, 7.784e+01, 8.340e+01, 8.896e+01, 9.452e+01, 1.001e+02, 1.056e+02, 1.112e+02, 1.168e+02, 1.223e+02, 1.279e+02, 1.334e+02, 1.390e+02, 1.446e+02, 1.501e+02, 1.557e+02
18.50, 1.505e+09, 7.177e+08, 9.571e+08, 1.094e+09, 1.193e+09, 1.268e+09, 1.329e+09, 1.380e+09, 1.426e+09, 1.465e+09, 1.500e+09, 1.531e+09, 1.560e+09, 1.585e+09, 1.611e+09, 1.637e+09, 1.659e+09, 1.682e+09, 1.707e+09, 1.728e+09, 1.745e+09, 1.762e+09, 1.780e+09, 1.796e+09, 1.813e+09, 1.828e+09, 1.844e+09, 1.859e+09, 1.871e+09, 5.412e+00, 1.082e+01, 1.624e+01, 2.165e+01, 2.706e+01, 3.247e+01, 3.789e+01, 4.330e+01, 4.871e+01, 5.412e+01, 5.954e+01, 6.495e+01, 7.036e+01, 7.577e+01, 8.118e+01, 8.660e+01, 9.201e+01, 9.742e+01, 1.028e+02, 1.082e+02, 1.137e+02, 1.191e+02, 1.245e+02, 1.299e+02, 1.353e+02, 1.407e+02, 1.461e+02, 1.515e+02
18.75, 1.498e+09, 7.084e+08, 9.481e+08, 1.087e+09, 1.184e+09, 1.259e+09, 1.320e+09, 1.371e+09, 1.417e+09, 1.456e+09, 1.491e+09, 1.521e+09, 1.551e+09, 1.576e+09, 1.601e+09, 1.626e+09, 1.650e+09, 1.671e+09, 1.694e+09, 1.718e+09, 1.736e+09, 1.754e+09, 1.770e+09, 1.787e+09, 1.803e+09, 1.817e+09, 1.834e+09, 1.849e+09, 1.862e+09, 5.270e+00, 1.054e+01, 1.581e+01, 2.108e+01, 2.635e+01, 3.162e+01, 3.689e+01, 4.216e+01, 4.743e+01, 5.270e+01, 5.797e+01, 6.325e+01, 6.852e+01, 7.379e+01, 7.906e+01, 8.433e+01, 8.960e+01, 9.487e+01, 1.001e+02, 1.054e+02, 1.107e+02, 1.159e+02, 1.212e+02, 1.265e+02, 1.318e+02, 1.370e+02, 1.423e+02, 1.476e+02
19.00, 1.491e+09, 6.996e+08, 9.392e+08, 1.076e+09, 1.175e+09, 1.251e+09, 1.310e+09, 1.363e+09, 1.407e+09, 1.446e+09, 1.482e+09, 1.512e+09, 1.542e+09, 1.568e+09, 1.592e+09, 1.616e+09, 1.640e+09, 1.662e+09, 1.684e+09, 1.707e+09, 1.728e+09, 1.743e+09, 1.759e+09, 1.777e+09, 1.793e+09, 1.808e+09, 1.821e+09, 1.838e+09, 1.853e+09, 5.134e+00, 1.027e+01, 1.540e+01, 2.054e+01, 2.567e+01, 3.080e+01, 3.594e+01, 4.107e+01, 4.621e+01, 5.134e+01, 5.647e+01, 6.161e+01, 6.674e+01, 7.188e+01, 7.701e+01, 8.214e+01, 8.728e+01, 9.241e+01, 9.755e+01, 1.027e+02, 1.078e+02, 1.129e+02, 1.181e+02, 1.232e+02, 1.284e+02, 1.335e+02, 1.386e+02, 1.438e+02
19.25, 1.483e+09, 6.905e+08, 9.301e+08, 1.068e+09, 1.166e+09, 1.241e+09, 1.303e+09, 1.354e+09, 1.398e+09, 1.438e+09, 1.474e+09, 1.505e+09, 1.533e+09, 1.560e+09, 1.584e+09, 1.607e+09, 1.632e+09, 1.653e+09, 1.673e+09, 1.695e+09, 1.718e+09, 1.735e+09, 1.751e+09, 1.766e+09, 1.783e+09, 1.798e+09, 1.813e+09, 1.827e+09, 1.842e+09, 5.003e+00, 1.001e+01, 1.501e+01, 2.001e+01, 2.501e+01, 3.002e+01, 3.502e+01, 4.002e+01, 4.502e+01, 5.003e+01, 5.503e+01, 6.003e+01, 6.504e+01, 7.004e+01, 7.504e+01, 8.004e+01, 8.505e+01, 9.005e+01, 9.505e+01, 1.001e+02, 1.051e+02, 1.101e+02, 1.151e+02, 1.201e+02, 1.251e+02, 1.301e+02, 1.351e+02, 1.401e+02
19.50, 1.477e+09, 6.819e+08, 9.215e+08, 1.060e+09, 1.157e+09, 1.233e+09, 1.294e+09, 1.345e+09, 1.391e+09, 1.430e+09, 1.465e+09, 1.497e+09, 1.524e+09, 1.552e+09, 1.574e+09, 1.598e+09, 1.620e+09, 1.644e+09, 1.663e+09, 1.684e+09, 1.707e+09, 1.726e+09, 1.742e+09, 1.757e+09, 1.774e+09, 1.789e+09, 1.803e+09, 1.816e+09, 1.832e+09, 4.876e+00, 9.753e+00, 1.463e+01, 1.951e+01, 2.438e+01, 2.926e+01, 3.414e+01, 3.901e+01, 4.389e+01, 4.876e+01, 5.364e+01, 5.852e+01, 6.339e+01, 6.827e+01, 7.315e+01, 7.802e+01, 8.290e+01, 8.778e+01, 9.265e+01, 9.753e+01, 1.024e+02, 1.073e+02, 1.122e+02, 1.170e+02, 1.219e+02, 1.268e+02, 1.317e+02, 1.365e+02
19.75, 1.470e+09, 6.734e+08, 9.129e+08, 1.051e+09, 1.148e+09, 1.224e+09, 1.285e+09, 1.337e+09, 1.381e+09, 1.421e+09, 1.458e+09, 1.488e+09, 1.516e+09, 1.543e+09, 1.567e+09, 1.590e+09, 1.612e+09, 1.635e+09, 1.655e+09, 1.675e+09, 1.695e+09, 1.717e+09, 1.734e+09, 1.748e+09, 1.763e+09, 1.779e+09, 1.794e+09, 1.808e+09, 1.821e+09, 4.755e+00, 9.510e+00, 1.426e+01, 1.902e+01, 2.377e+01, 2.853e+01, 3.328e+01, 3.804e+01, 4.279e+01, 4.755e+01, 5.230e+01, 5.706e+01, 6.181e+01, 6.657e+01, 7.132e+01, 7.608e+01, 8.083e+01, 8.559e+01, 9.034e+01, 9.510e+01, 9.985e+01, 1.046e+02, 1.094e+02, 1.141e+02, 1.189e+02, 1.236e+02, 1.284e+02, 1.331e+02
20.00, 1.463e+09, 6.648e+08, 9.040e+08, 1.042e+09, 1.140e+09, 1.216e+09, 1.277e+09, 1.328e+09, 1.372e+09, 1.414e+09, 1.448e+09, 1.480e+09, 1.508e+09, 1.534e+09, 1.560e+09, 1.581e+09, 1.603e+09, 1.624e+09, 1.646e+09, 1.664e+09, 1.684e+09, 1.706e+09, 1.725e+09, 1.739e+09, 1.755e+09, 1.769e+09, 1.784e+09, 1.798e+09, 1.812e+09, 4.638e+00, 9.275e+00, 1.391e+01, 1.855e+01, 2.319e+01, 2.783e+01, 3.246e+01, 3.710e+01, 4.174e+01, 4.638e+01, 5.101e+01, 5.565e+01, 6.029e+01, 6.493e+01, 6.957e+01, 7.420e+01, 7.884e+01, 8.348e+01, 8.812e+01, 9.275e+01, 9.739e+01, 1.020e+02, 1.067e+02, 1.113e+02, 1.159e+02, 1.206e+02, 1.252e+02, 1.299e+02
20.25, 1.456e+09, 6.564e+08, 8.958e+08, 1.034e+09, 1.131e+09, 1.207e+09, 1.268e+09, 1.320e+09, 1.365e+09, 1.403e+09, 1.440e+09, 1.473e+09, 1.500e+09, 1.526e+09, 1.552e+09, 1.572e+09, 1.594e+09, 1.616e+09, 1.638e+09, 1.656e+09, 1.675e+09, 1.695e+09, 1.716e+09, 1.732e+09, 1.746e+09, 1.760e+09, 1.775e+09, 1.790e+09, 1.803e+09, 4.525e+00, 9.050e+00, 1.357e+01, 1.810e+01, 2.262e+01, 2.715e+01, 3.167e+01, 3.620e+01, 4.072e+01, 4.525e+01, 4.977e+01, 5.430e+01, 5.882e+01, 6.335e+01, 6.787e+01, 7.240e+01, 7.692e+01, 8.145e+01, 8.597e+01, 9.050e+01, 9.502e+01, 9.954e+01, 1.041e+02, 1.086e+02, 1.131e+02, 1.176e+02, 1.222e+02, 1.267e+02
20.50, 1.449e+09, 6.479e+08, 8.871e+08, 1.026e+09, 1.124e+09, 1.199e+09, 1.260e+09, 1.312e+09, 1.357e+09, 1.396e+09, 1.431e+09, 1.463e+09, 1.492e+09, 1.518e+09, 1.542e+09, 1.565e+09, 1.586e+09, 1.607e+09, 1.628e+09, 1.648e+09, 1.665e+09, 1.684e+09, 1.705e+09, 1.723e+09, 1.737e+09, 1.752e+09, 1.764e+09, 1.779e+09, 1.794e+09, 4.416e+00, 8.832e+00, 1.325e+01, 1.766e+01, 2.208e+01, 2.650e+01, 3.091e+01, 3.533e+01, 3.974e+01, 4.416e+01, 4.857e+01, 5.299e+01, 5.741e+01, 6.182e+01, 6.624e+01, 7.065e+01, 7.507e+01, 7.949e+01, 8.390e+01, 8.832e+01, 9.273e+01, 9.715e+01, 1.016e+02, 1.060e+02, 1.104e+02, 1.148e+02, 1.192e+02, 1.236e+02
20.75, 1.443e+09, 6.403e+08, 8.789e+08, 1.018e+09, 1.115e+09, 1.191e+09, 1.252e+09, 1.303e+09, 1.348e+09, 1.388e+09, 1.424e+09, 1.455e+09, 1.484e+09, 1.510e+09, 1.534e+09, 1.558e+09, 1.578e+09, 1.598e+09, 1.618e+09, 1.638e+09, 1.657e+09, 1.675e+09, 1.693e+09, 1.714e+09, 1.730e+09, 1.743e+09, 1.757e+09, 1.771e+09, 1.785e+09, 4.311e+00, 8.622e+00, 1.293e+01, 1.724e+01, 2.155e+01, 2.587e+01, 3.018e+01, 3.449e+01, 3.880e+01, 4.311e+01, 4.742e+01, 5.173e+01, 5.604e+01, 6.035e+01, 6.466e+01, 6.897e+01, 7.328e+01, 7.760e+01, 8.191e+01, 8.622e+01, 9.053e+01, 9.484e+01, 9.915e+01, 1.035e+02, 1.078e+02, 1.121e+02, 1.164e+02, 1.207e+02
21.00, 1.436e+09, 6.324e+08, 8.704e+08, 1.009e+09, 1.107e+09, 1.183e+09, 1.244e+09, 1.296e+09, 1.340e+09, 1.379e+09, 1.416e+09, 1.447e+09, 1.477e+09, 1.502e+09, 1.527e+09, 1.550e+09, 1.570e+09, 1.590e+09, 1.610e+09, 1.631e+09, 1.649e+09, 1.665e+09, 1.684e+09, 1.703e+09, 1.721e+09, 1.735e+09, 1.748e+09, 1.761e+09, 1.776e+09, 4.210e+00, 8.419e+00, 1.263e+01, 1.684e+01, 2.105e+01, 2.526e+01, 2.947e+01, 3.368e+01, 3.789e+01, 4.210e+01, 4.630e+01, 5.051e+01, 5.472e+01, 5.893e+01, 6.314e+01, 6.735e+01, 7.156e+01, 7.577e+01, 7.998e+01, 8.419e+01, 8.840e+01, 9.261e+01, 9.682e+01, 1.010e+02, 1.052e+02, 1.094e+02, 1.137e+02, 1.179e+02
21.25, 1.430e+09, 6.245e+08, 8.623e+08, 1.001e+09, 1.098e+09, 1.175e+09, 1.237e+09, 1.288e+09, 1.333e+09, 1.371e+09, 1.407e+09, 1.439e+09, 1.469e+09, 1.495e+09, 1.518e+09, 1.541e+09, 1.562e+09, 1.583e+09, 1.601e+09, 1.620e+09, 1.640e+09, 1.658e+09, 1.675e+09, 1.692e+09, 1.712e+09, 1.727e+09, 1.740e+09, 1.754e+09, 1.765e+09, 4.112e+00, 8.223e+00, 1.234e+01, 1.645e+01, 2.056e+01, 2.467e+01, 2.878e+01, 3.289e+01, 3.701e+01, 4.112e+01, 4.523e+01, 4.934e+01, 5.345e+01, 5.756e+01, 6.168e+01, 6.579e+01, 6.990e+01, 7.401e+01, 7.812e+01, 8.223e+01, 8.635e+01, 9.046e+01, 9.457e+01, 9.868e+01, 1.028e+02, 1.069e+02, 1.110e+02, 1.151e+02
21.50, 1.423e+09, 6.168e+08, 8.542e+08, 9.928e+08, 1.091e+09, 1.167e+09, 1.229e+09, 1.280e+09, 1.325e+09, 1.364e+09, 1.399e+09, 1.431e+09, 1.461e+09, 1.487e+09, 1.511e+09, 1.534e+09, 1.556e+09, 1.574e+09, 1.594e+09, 1.613e+09, 1.633e+09, 1.649e+09, 1.665e+09, 1.683e+09, 1.701e+09, 1.719e+09, 1.733e+09, 1.745e+09, 1.758e+09, 4.017e+00, 8.034e+00, 1.205e+01, 1.607e+01, 2.009e+01, 2.410e+01, 2.812e+01, 3.214e+01, 3.616e+01, 4.017e+01, 4.419e+01, 4.821e+01, 5.222e+01, 5.624e+01, 6.026e+01, 6.428e+01, 6.829e+01, 7.231e+01, 7.633e+01, 8.034e+01, 8.436e+01, 8.838e+01, 9.240e+01, 9.641e+01, 1.004e+02, 1.044e+02, 1.085e+02, 1.125e+02
21.75, 1.417e+09, 6.093e+08, 8.462e+08, 9.859e+08, 1.083e+09, 1.159e+09, 1.221e+09, 1.272e+09, 1.317e+09, 1.356e+09, 1.392e+09, 1.424e+09, 1.453e+09, 1.480e+09, 1.504e+09, 1.526e+09, 1.548e+09, 1.567e+09, 1.586e+09, 1.604e+09, 1.621e+09, 1.641e+09, 1.658e+09, 1.674e+09, 1.690e+09, 1.709e+09, 1.725e+09, 1.737e+09, 1.750e+09, 3.926e+00, 7.852e+00, 1.178e+01, 1.570e+01, 1.963e+01, 2.356e+01, 2.748e+01, 3.141e+01, 3.533e+01, 3.926e+01, 4.319e+01, 4.711e+01, 5.104e+01, 5.496e+01, 5.889e+01, 6.282e+01, 6.674e+01, 7.067e+01, 7.459e+01, 7.852e+01, 8.244e+01, 8.637e+01, 9.030e+01, 9.422e+01, 9.815e+01, 1.021e+02, 1.060e+02, 1.099e+02
22.00, 1.411e+09, 6.017e+08, 8.386e+08, 9.778e+08, 1.075e+09, 1.151e+09, 1.213e+09, 1.265e+09, 1.309e+09, 1.349e+09, 1.384e+09, 1.416e+09, 1.445e+09, 1.473e+09, 1.497e+09, 1.518e+09, 1.540e+09, 1.561e+09, 1.578e+09, 1.596e+09, 1.614e+09, 1.634e+09, 1.650e+09, 1.664e+09, 1.682e+09, 1.699e+09, 1.716e+09, 1.730e+09, 1.742e+09, 3.838e+00, 7.675e+00, 1.151e+01, 1.535e+01, 1.919e+01, 2.303e+01, 2.686e+01, 3.070e+01, 3.454e+01, 3.838e+01, 4.221e+01, 4.605e+01, 4.989e+01, 5.373e+01, 5.757e+01, 6.140e+01, 6.524e+01, 6.908e+01, 7.292e+01, 7.675e+01, 8.059e+01, 8.443e+01, 8.827e+01, 9.211e+01, 9.594e+01, 9.978e+01, 1.036e+02, 1.075e+02
22.25, 1.404e+09, 5.943e+08, 8.306e+08, 9.702e+08, 1.068e+09, 1.144e+09, 1.205e+09, 1.257e+09, 1.302e+09, 1.341e+09, 1.376e+09, 1.408e+09, 1.437e+09, 1.465e+09, 1.489e+09, 1.511e+09, 1.533e+09, 1.553e+09, 1.570e+09, 1.589e+09, 1.606e+09, 1.623e+09, 1.641e+09, 1.657e+09, 1.672e+09, 1.688e+09, 1.707e+09, 1.722e+09, 1.735e+09, 3.752e+00, 7.505e+00, 1.126e+01, 1.501e+01, 1.876e+01, 2.251e+01, 2.627e+01, 3.002e+01, 3.377e+01, 3.752e+01, 4.128e+01, 4.503e+01, 4.878e+01, 5.253e+01, 5.629e+01, 6.004e+01, 6.379e+01, 6.754e+01, 7.130e+01, 7.505e+01, 7.880e+01, 8.255e+01, 8.631e+01, 9.006e+01, 9.381e+01, 9.756e+01, 1.013e+02, 1.051e+02
22.50, 1.398e+09, 5.870e+08, 8.225e+08, 9.623e+08, 1.060e+09, 1.136e+09, 1.198e+09, 1.250e+09, 1.294e+09, 1.334e+09, 1.369e+09, 1.400e+09, 1.430e+09, 1.457e+09, 1.482e+09, 1.504e+09, 1.525e+09, 1.545e+09, 1.564e+09, 1.581e+09, 1.598e+09, 1.616e+09, 1.634e+09, 1.649e+09, 1.664e+09, 1.680e+09, 1.696e+09, 1.714e+09, 1.727e+09, 3.670e+00, 7.340e+00, 1.101e+01, 1.468e+01, 1.835e+01, 2.202e+01, 2.569e+01, 2.936e+01, 3.303e+01, 3.670e+01, 4.037e+01, 4.404e+01, 4.771e+01, 5.138e+01, 5.505e+01, 5.872e+01, 6.239e+01, 6.606e+01, 6.973e+01, 7.340e+01, 7.707e+01, 8.074e+01, 8.441e+01, 8.808e+01, 9.175e+01, 9.542e+01, 9.909e+01, 1.028e+02
22.75, 1.393e+09, 5.800e+08, 8.150e+08, 9.553e+08, 1.053e+09, 1.128e+09, 1.190e+09, 1.242e+09, 1.287e+09, 1.326e+09, 1.362e+09, 1.394e+09, 1.423e+09, 1.450e+09, 1.475e+09, 1.497e+09, 1.517e+09, 1.538e+09, 1.557e+09, 1.573e+09, 1.591e+09, 1.607e+09, 1.624e+09, 1.641e+09, 1.657e+09, 1.671e+09, 1.685e+09, 1.703e+09, 1.719e+09, 3.590e+00, 7.180e+00, 1.077e+01, 1.436e+01, 1.795e+01, 2.154e+01, 2.513e+01, 2.872e+01, 3.231e+01, 3.590e+01, 3.949e+01, 4.308e+01, 4.667e+01, 5.026e+01, 5.385e+01, 5.744e+01, 6.103e+01, 6.462e+01, 6.821e+01, 7.180e+01, 7.539e+01, 7.898e+01, 8.257e+01, 8.616e+01, 8.975e+01, 9.334e+01, 9.693e+01, 1.005e+02
23.00, 1.387e+09, 5.728e+08, 8.072e+08, 9.474e+08, 1.045e+09, 1.121e+09, 1.183e+09, 1.235e+09, 1.280e+09, 1.319e+09, 1.354e+09, 1.387e+09, 1.416e+09, 1.442e+09, 1.468e+09, 1.490e+09, 1.510e+09, 1.531e+09, 1.550e+09, 1.567e+09, 1.584e+09, 1.600e+09, 1.616e+09, 1.635e+09, 1.649e+09, 1.663e+09, 1.678e+09, 1.693e+09, 1.710e+09, 3.513e+00, 7.026e+00, 1.054e+01, 1.405e+01, 1.756e+01, 2.108e+01, 2.459e+01, 2.810e+01, 3.162e+01, 3.513e+01, 3.864e+01, 4.215e+01, 4.567e+01, 4.918e+01, 5.269e+01, 5.621e+01, 5.972e+01, 6.323e+01, 6.674e+01, 7.026e+01, 7.377e+01, 7.728e+01, 8.080e+01, 8.431e+01, 8.782e+01, 9.133e+01, 9.485e+01, 9.836e+01
23.25, 1.380e+09, 5.658e+08, 7.997e+08, 9.401e+08, 1.038e+09, 1.114e+09, 1.176e+09, 1.228e+09, 1.272e+09, 1.311e+09, 1.347e+09, 1.378e+09, 1.407e+09, 1.435e+09, 1.460e+09, 1.483e+09, 1.504e+09, 1.523e+09, 1.542e+09, 1.561e+09, 1.576e+09, 1.593e+09, 1.608e+09, 1.624e+09, 1.641e+09, 1.656e+09, 1.669e+09, 1.684e+09, 1.700e+09, 3.438e+00, 6.876e+00, 1.031e+01, 1.375e+01, 1.719e+01, 2.063e+01, 2.407e+01, 2.750e+01, 3.094e+01, 3.438e+01, 3.782e+01, 4.126e+01, 4.469e+01, 4.813e+01, 5.157e+01, 5.501e+01, 5.845e+01, 6.188e+01, 6.532e+01, 6.876e+01, 7.220e+01, 7.564e+01, 7.907e+01, 8.251e+01, 8.595e+01, 8.939e+01, 9.283e+01, 9.626e+01
23.50, 1.374e+09, 5.591e+08, 7.923e+08, 9.327e+08, 1.030e+09, 1.107e+09, 1.169e+09, 1.221e+09, 1.266e+09, 1.304e+09, 1.340e+09, 1.371e+09, 1.400e+09, 1.428e+09, 1.453e+09, 1.476e+09, 1.497e+09, 1.516e+09, 1.535e+09, 1.554e+09, 1.569e+09, 1.586e+09, 1.601e+09, 1.617e+09, 1.634e+09, 1.648e+09, 1.662e+09, 1.676e+09, 1.690e+09, 3.366e+00, 6.731e+00, 1.010e+01, 1.346e+01, 1.683e+01, 2.019e+01, 2.356e+01, 2.692e+01, 3.029e+01, 3.366e+01, 3.702e+01, 4.039e+01, 4.375e+01, 4.712e+01, 5.048e+01, 5.385e+01, 5.721e+01, 6.058e+01, 6.395e+01, 6.731e+01, 7.068e+01, 7.404e+01, 7.741e+01, 8.077e+01, 8.414e+01, 8.750e+01, 9.087e+01, 9.424e+01
23.75, 1.369e+09, 5.524e+08, 7.852e+08, 9.255e+08, 1.024e+09, 1.099e+09, 1.161e+09, 1.213e+09, 1.258e+09, 1.298e+09, 1.333e+09, 1.365e+09, 1.394e+09, 1.421e+09, 1.446e+09, 1.469e+09, 1.490e+09, 1.509e+09, 1.528e+09, 1.546e+09, 1.563e+09, 1.578e+09, 1.594e+09, 1.609e+09, 1.624e+09, 1.640e+09, 1.655e+09, 1.667e+09, 1.682e+09, 3.295e+00, 6.591e+00, 9.886e+00, 1.318e+01, 1.648e+01, 1.977e+01, 2.307e+01, 2.636e+01, 2.966e+01, 3.295e+01, 3.625e+01, 3.954e+01, 4.284e+01, 4.614e+01, 4.943e+01, 5.273e+01, 5.602e+01, 5.932e+01, 6.261e+01, 6.591e+01, 6.920e+01, 7.250e+01, 7.579e+01, 7.909e+01, 8.238e+01, 8.568e+01, 8.897e+01, 9.227e+01
24.00, 1.363e+09, 5.457e+08, 7.777e+08, 9.187e+08, 1.017e+09, 1.092e+09, 1.153e+09, 1.206e+09, 1.251e+09, 1.291e+09, 1.326e+09, 1.358e+09, 1.387e+09, 1.414e+09, 1.438e+09, 1.462e+09, 1.483e+09, 1.503e+09, 1.521e+09, 1.539e+09, 1.557e+09, 1.571e+09, 1.587e+09, 1.602e+09, 1.617e+09, 1.634e+09, 1.647e+09, 1.660e+09, 1.674e+09, 3.227e+00, 6.455e+00, 9.682e+00, 1.291e+01, 1.614e+01, 1.936e+01, 2.259e+01, 2.582e+01, 2.905e+01, 3.227e+01, 3.550e+01, 3.873e+01, 4.196e+01, 4.518e+01, 4.841e+01, 5.164e+01, 5.486e+01, 5.809e+01, 6.132e+01, 6.455e+01, 6.777e+01, 7.100e+01, 7.423e+01, 7.746e+01, 8.068e+01, 8.391e+01, 8.714e+01, 9.037e+01
24.25, 1.358e+09, 5.391e+08, 7.708e+08, 9.111e+08, 1.009e+09, 1.086e+09, 1.147e+09, 1.199e+09, 1.244e+09, 1.284e+09, 1.319e+09, 1.351e+09, 1.379e+09, 1.407e+09, 1.432e+09, 1.455e+09, 1.477e+09, 1.496e+09, 1.514e+09, 1.532e+09, 1.550e+09, 1.565e+09, 1.580e+09, 1.595e+09, 1.609e+09, 1.624e+09, 1.640e+09, 1.653e+09, 1.665e+09, 3.161e+00, 6.323e+00, 9.484e+00, 1.265e+01, 1.581e+01, 1.897e+01, 2.213e+01, 2.529e+01, 2.845e+01, 3.161e+01, 3.478e+01, 3.794e+01, 4.110e+01, 4.426e+01, 4.742e+01, 5.058e+01, 5.374e+01, 5.690e+01, 6.007e+01, 6.323e+01, 6.639e+01, 6.955e+01, 7.271e+01, 7.587e+01, 7.903e+01, 8.220e+01, 8.536e+01, 8.852e+01
24.50, 1.352e+09, 5.327e+08, 7.636e+08, 9.043e+08, 1.002e+09, 1.078e+09, 1.140e+09, 1.192e+09, 1.238e+09, 1.277e+09, 1.312e+09, 1.343e+09, 1.372e+09, 1.399e+09, 1.425e+09, 1.448e+09, 1.470e+09, 1.489e+09, 1.508e+09, 1.526e+09, 1.542e+09, 1.559e+09, 1.573e+09, 1.588e+09, 1.603e+09, 1.617e+09, 1.633e+09, 1.646e+09, 1.659e+09, 3.097e+00, 6.195e+00, 9.292e+00, 1.239e+01, 1.549e+01, 1.858e+01, 2.168e+01, 2.478e+01, 2.788e+01, 3.097e+01, 3.407e+01, 3.717e+01, 4.027e+01, 4.336e+01, 4.646e+01, 4.956e+01, 5.266e+01, 5.575e+01, 5.885e+01, 6.195e+01, 6.505e+01, 6.814e+01, 7.124e+01, 7.434e+01, 7.744e+01, 8.053e+01, 8.363e+01, 8.673e+01
24.75, 1.346e+09, 5.263e+08, 7.567e+08, 8.974e+08, 9.954e+08, 1.071e+09, 1.133e+09, 1.186e+09, 1.231e+09, 1.270e+09, 1.305e+09, 1.337e+09, 1.366e+09, 1.393e+09, 1.418e+09, 1.441e+09, 1.463e+09, 1.483e+09, 1.501e+09, 1.518e+09, 1.536e+09, 1.553e+09, 1.567e+09, 1.581e+09, 1.596e+09, 1.609e+09, 1.623e+09, 1.638e+09, 1.652e+09, 3.035e+00, 6.071e+00, 9.106e+00, 1.214e+01, 1.518e+01, 1.821e+01, 2.125e+01, 2.428e+01, 2.732e+01, 3.035e+01, 3.339e+01, 3.642e+01, 3.946e+01, 4.249e+01, 4.553e+01, 4.857e+01, 5.160e+01, 5.464e+01, 5.767e+01, 6.071e+01, 6.374e+01, 6.678e+01, 6.981e+01, 7.285e+01, 7.588e+01, 7.892e+01, 8.195e+01, 8.499e+01
25.00, 1.341e+09, 5.200e+08, 7.497e+08, 8.904e+08, 9.883e+08, 1.065e+09, 1.126e+09, 1.179e+09, 1.224e+09, 1.263e+09, 1.299e+09, 1.330e+09, 1.359e+09, 1.387e+09, 1.412e+09, 1.434e+09, 1.456e+09, 1.477e+09, 1.495e+09, 1.512e+09, 1.529e+09, 1.545e+09, 1.561e+09, 1.574e+09, 1.589e+09, 1.603e+09, 1.616e+09, 1.632e+09, 1.644e+09, 2.975e+00, 5.950e+00, 8.925e+00, 1.190e+01, 1.488e+01, 1.785e+01, 2.083e+01, 2.380e+01, 2.678e+01, 2.975e+01, 3.273e+01, 3.570e+01, 3.868e+01, 4.165e+01, 4.463e+01, 4.760e+01, 5.058e+01, 5.355e+01, 5.653e+01, 5.950e+01, 6.248e+01, 6.545e+01, 6.843e+01, 7.140e+01, 7.438e+01, 7.735e+01, 8.033e+01, 8.330e+01
25.25, 1.336e+09, 5.136e+08, 7.427e+08, 8.836e+08, 9.823e+08, 1.058e+09, 1.120e+09, 1.172e+09, 1.217e+09, 1.257e+09, 1.292e+09, 1.323e+09, 1.353e+09, 1.379e+09, 1.404e+09, 1.428e+09, 1.449e+09, 1.470e+09, 1.488e+09, 1.506e+09, 1.522e+09, 1.539e+09, 1.555e+09, 1.568e+09, 1.582e+09, 1.596e+09, 1.609e+09, 1.622e+09, 1.638e+09, 2.917e+00, 5.833e+00, 8.750e+00, 1.167e+01, 1.458e+01, 1.750e+01, 2.042e+01, 2.333e+01, 2.625e+01, 2.917e+01, 3.208e+01, 3.500e+01, 3.792e+01, 4.083e+01, 4.375e+01, 4.667e+01, 4.958e+01, 5.250e+01, 5.542e+01, 5.833e+01, 6.125e+01, 6.417e+01, 6.708e+01, 7.000e+01, 7.292e+01, 7.583e+01, 7.875e+01, 8.167e+01
25.50, 1.330e+09, 5.076e+08, 7.359e+08, 8.766e+08, 9.751e+08, 1.051e+09, 1.113e+09, 1.166e+09, 1.211e+09, 1.250e+09, 1.285e+09, 1.317e+09, 1.346e+09, 1.372e+09, 1.397e+09, 1.421e+09, 1.443e+09, 1.463e+09, 1.482e+09, 1.500e+09, 1.516e+09, 1.532e+09, 1.548e+09, 1.562e+09, 1.575e+09, 1.590e+09, 1.603e+09, 1.616e+09, 1.631e+09, 2.860e+00, 5.720e+00, 8.580e+00, 1.144e+01, 1.430e+01, 1.716e+01, 2.002e+01, 2.288e+01, 2.574e+01, 2.860e+01, 3.146e+01, 3.432e+01, 3.718e+01, 4.004e+01, 4.290e+01, 4.576e+01, 4.862e+01, 5.148e+01, 5.434e+01, 5.720e+01, 6.006e+01, 6.292e+01, 6.578e+01, 6.864e+01, 7.150e+01, 7.436e+01, 7.722e+01, 8.008e+01
25.75, 1.325e+09, 5.014e+08, 7.294e+08, 8.699e+08, 9.688e+08, 1.045e+09, 1.107e+09, 1.158e+09, 1.204e+09, 1.244e+09, 1.279e+09, 1.310e+09, 1.340e+09, 1.366e+09, 1.392e+09, 1.415e+09, 1.436e+09, 1.458e+09, 1.476e+09, 1.493e+09, 1.510e+09, 1.526e+09, 1.541e+09, 1.557e+09, 1.569e+09, 1.583e+09, 1.596e+09, 1.608e+09, 1.621e+09, 2.805e+00, 5.610e+00, 8.414e+00, 1.122e+01, 1.402e+01, 1.683e+01, 1.963e+01, 2.244e+01, 2.524e+01, 2.805e+01, 3.085e+01, 3.366e+01, 3.646e+01, 3.927e+01, 4.207e+01, 4.488e+01, 4.768e+01, 5.049e+01, 5.329e+01, 5.610e+01, 5.890e+01, 6.171e+01, 6.451e+01, 6.732e+01, 7.012e+01, 7.293e+01, 7.573e+01, 7.854e+01
26.00, 1.319e+09, 4.954e+08, 7.228e+08, 8.634e+08, 9.620e+08, 1.038e+09, 1.099e+09, 1.152e+09, 1.197e+09, 1.237e+09, 1.272e+09, 1.304e+09, 1.333e+09, 1.360e+09, 1.385e+09, 1.407e+09, 1.430e+09, 1.450e+09, 1.470e+09, 1.487e+09, 1.504e+09, 1.519e+09, 1.535e+09, 1.550e+09, 1.563e+09, 1.576e+09, 1.590e+09, 1.602e+09, 1.615e+09, 2.751e+00, 5.503e+00, 8.254e+00, 1.101e+01, 1.376e+01, 1.651e+01, 1.926e+01, 2.201e+01, 2.476e+01, 2.751e+01, 3.026e+01, 3.302e+01, 3.577e+01, 3.852e+01, 4.127e+01, 4.402e+01, 4.677e+01, 4.952e+01, 5.227e+01, 5.503e+01, 5.778e+01, 6.053e+01, 6.328e+01, 6.603e+01, 6.878e+01, 7.153e+01, 7.428e+01, 7.704e+01
26.25, 1.315e+09, 4.895e+08, 7.163e+08, 8.566e+08, 9.548e+08, 1.031e+09, 1.093e+09, 1.146e+09, 1.191e+09, 1.231e+09, 1.266e+09, 1.298e+09, 1.327e+09, 1.353e+09, 1.378e+09, 1.401e+09, 1.423e+09, 1.444e+09, 1.463e+09, 1.481e+09, 1.498e+09, 1.513e+09, 1.529e+09, 1.543e+09, 1.558e+09, 1.570e+09, 1.583e+09, 1.596e+09, 1.608e+09, 2.699e+00, 5.399e+00, 8.098e+00, 1.080e+01, 1.350e+01, 1.620e+01, 1.889e+01, 2.159e+01, 2.429e+01, 2.699e+01, 2.969e+01, 3.239e+01, 3.509e+01, 3.779e+01, 4.049e+01, 4.319e+01, 4.589e+01, 4.859e+01, 5.129e+01, 5.399e+01, 5.668e+01, 5.938e+01, 6.208e+01, 6.478e+01, 6.748e+01, 7.018e+01, 7.288e+01, 7.558e+01
26.50, 1.308e+09, 4.836e+08, 7.096e+08, 8.501e+08, 9.491e+08, 1.025e+09, 1.087e+09, 1.139e+09, 1.185e+09, 1.224e+09, 1.259e+09, 1.292e+09, 1.320e+09, 1.347e+09, 1.371e+09, 1.395e+09, 1.417e+09, 1.437e+09, 1.458e+09, 1.475e+09, 1.491e+09, 1.507e+09, 1.522e+09, 1.537e+09, 1.552e+09, 1.564e+09, 1.576e+09, 1.590e+09, 1.601e+09, 2.649e+00, 5.297e+00, 7.946e+00, 1.059e+01, 1.324e+01, 1.589e+01, 1.854e+01, 2.119e+01, 2.384e+01, 2.649e+01, 2.914e+01, 3.178e+01, 3.443e+01, 3.708e+01, 3.973e+01, 4.238e+01, 4.503e+01, 4.768e+01, 5.032e+01, 5.297e+01, 5.562e+01, 5.827e+01, 6.092e+01, 6.357e+01, 6.622e+01, 6.887e+01, 7.151e+01, 7.416e+01
26.75, 1.303e+09, 4.779e+08, 7.033e+08, 8.435e+08, 9.428e+08, 1.019e+09, 1.080e+09, 1.133e+09, 1.178e+09, 1.218e+09, 1.253e+09, 1.285e+09, 1.315e+09, 1.341e+09, 1.366e+09, 1.389e+09, 1.411e+09, 1.431e+09, 1.450e+09, 1.469e+09, 1.485e+09, 1.501e+09, 1.516e+09, 1.531e+09, 1.545e+09, 1.559e+09, 1.570e+09, 1.583e+09, 1.595e+09, 2.600e+00, 5.199e+00, 7.799e+00, 1.040e+01, 1.300e+01, 1.560e+01, 1.820e+01, 2.080e+01, 2.340e+01, 2.600e+01, 2.859e+01, 3.119e+01, 3.379e+01, 3.639e+01, 3.899e+01, 4.159e+01, 4.419e+01, 4.679e+01, 4.939e+01, 5.199e+01, 5.459e+01, 5.719e+01, 5.979e+01, 6.239e+01, 6.499e+01, 6.759e+01, 7.019e+01, 7.279e+01
27.00, 1.299e+09, 4.722e+08, 6.971e+08, 8.372e+08, 9.364e+08, 1.013e+09, 1.073e+09, 1.126e+09, 1.172e+09, 1.212e+09, 1.248e+09, 1.279e+09, 1.308e+09, 1.335e+09, 1.359e+09, 1.383e+09, 1.403e+09, 1.425e+09, 1.444e+09, 1.462e+09, 1.479e+09, 1.495e+09, 1.510e+09, 1.524e+09, 1.539e+09, 1.553e+09, 1.565e+09, 1.576e+09, 1.589e+09, 2.552e+00, 5.103e+00, 7.655e+00, 1.021e+01, 1.276e+01, 1.531e+01, 1.786e+01, 2.041e+01, 2.297e+01, 2.552e+01, 2.807e+01, 3.062e+01, 3.317e+01, 3.572e+01, 3.828e+01, 4.083e+01, 4.338e+01, 4.593e+01, 4.848e+01, 5.103e+01, 5.359e+01, 5.614e+01, 5.869e+01, 6.124e+01, 6.379e+01, 6.634e+01, 6.890e+01, 7.145e+01
27.25, 1.293e+09, 4.664e+08, 6.905e+08, 8.310e+08, 9.299e+08, 1.006e+09, 1.068e+09, 1.120e+09, 1.166e+09, 1.205e+09, 1.241e+09, 1.273e+09, 1.302e+09, 1.329e+09, 1.353e+09, 1.376e+09, 1.398e+09, 1.419e+09, 1.437e+09, 1.456e+09, 1.474e+09, 1.489e+09, 1.504e+09, 1.518e+09, 1.533e+09, 1.546e+09, 1.560e+09, 1.570e+09, 1.583e+09, 2.505e+00, 5.010e+00, 7.516e+00, 1.002e+01, 1.253e+01, 1.503e+01, 1.754e+01, 2.004e+01, 2.255e+01, 2.505e+01, 2.756e+01, 3.006e+01, 3.257e+01, 3.507e+01, 3.758e+01, 4.008e+01, 4.259e+01, 4.509e+01, 4.760e+01, 5.010e+01, 5.261e+01, 5.511e+01, 5.762e+01, 6.012e+01, 6.263e+01, 6.513e+01, 6.764e+01, 7.015e+01
27.50, 1.288e+09, 4.608e+08, 6.844e+08, 8.242e+08, 9.236e+08, 1.000e+09, 1.062e+09, 1.114e+09, 1.159e+09, 1.199e+09, 1.235e+09, 1.267e+09, 1.296e+09, 1.322e+09, 1.347e+09, 1.370e+09, 1.393e+09, 1.413e+09, 1.432e+09, 1.450e+09, 1.467e+09, 1.483e+09, 1.498e+09, 1.512e+09, 1.527e+09, 1.540e+09, 1.554e+09, 1.565e+09, 1.576e+09, 2.460e+00, 4.920e+00, 7.380e+00, 9.840e+00, 1.230e+01, 1.476e+01, 1.722e+01, 1.968e+01, 2.214e+01, 2.460e+01, 2.706e+01, 2.952e+01, 3.198e+01, 3.444e+01, 3.690e+01, 3.936e+01, 4.182e+01, 4.428e+01, 4.674e+01, 4.920e+01, 5.166e+01, 5.412e+01, 5.658e+01, 5.904e+01, 6.150e+01, 6.396e+01, 6.642e+01, 6.888e+01
27.75, 1.283e+09, 4.552e+08, 6.783e+08, 8.180e+08, 9.177e+08, 9.934e+08, 1.056e+09, 1.108e+09, 1.153e+09, 1.193e+09, 1.229e+09, 1.260e+09, 1.290e+09, 1.316e+09, 1.341e+09, 1.364e+09, 1.386e+09, 1.407e+09, 1.426e+09, 1.444e+09, 1.461e+09, 1.478e+09, 1.492e+09, 1.507e+09, 1.520e+09, 1.534e+09, 1.547e+09, 1.560e+09, 1.570e+09, 2.416e+00, 4.832e+00, 7.248e+00, 9.664e+00, 1.208e+01, 1.450e+01, 1.691e+01, 1.933e+01, 2.174e+01, 2.416e+01, 2.657e+01, 2.899e+01, 3.141e+01, 3.382e+01, 3.624e+01, 3.865e+01, 4.107e+01, 4.349e+01, 4.590e+01, 4.832e+01, 5.073e+01, 5.315e+01, 5.557e+01, 5.798e+01, 6.040e+01, 6.281e+01, 6.523e+01, 6.764e+01
28.00, 1.278e+09, 4.497e+08, 6.722e+08, 8.117e+08, 9.112e+08, 9.877e+08, 1.049e+09, 1.101e+09, 1.147e+09, 1.187e+09, 1.223e+09, 1.254e+09, 1.284e+09, 1.310e+09, 1.335e+09, 1.358e+09, 1.379e+09, 1.400e+09, 1.420e+09, 1.437e+09, 1.455e+09, 1.472e+09, 1.486e+09, 1.501e+09, 1.514e+09, 1.528e+09, 1.540e+09, 1.554e+09, 1.565e+09, 2.373e+00, 4.746e+00, 7.119e+00, 9.492e+00, 1.187e+01, 1.424e+01, 1.661e+01, 1.898e+01, 2.136e+01, 2.373e+01, 2.610e+01, 2.848e+01, 3.085e+01, 3.322e+01, 3.560e+01, 3.797e+01, 4.034e+01, 4.271e+01, 4.509e+01, 4.746e+01, 4.983e+01, 5.221e+01, 5.458e+01, 5.695e+01, 5.933e+01, 6.170e+01, 6.407e+01, 6.644e+01
28.25, 1.273e+09, 4.441e+08, 6.662e+08, 8.055e+08, 9.052e+08, 9.819e+08, 1.043e+09, 1.095e+09, 1.141e+09, 1.181e+09, 1.217e+09, 1.249e+09, 1.278e+09, 1.304e+09, 1.329e+09, 1.352e+09, 1.373e+09, 1.394e+09, 1.414e+09, 1.432e+09, 1.449e+09, 1.466e+09, 1.481e+09, 1.495e+09, 1.509e+09, 1.522e+09, 1.535e+09, 1.548e+09, 1.560e+09, 2.331e+00, 4.663e+00, 6.994e+00, 9.325e+00, 1.166e+01, 1.399e+01, 1.632e+01, 1.865e+01, 2.098e+01, 2.331e+01, 2.564e+01, 2.798e+01, 3.031e+01, 3.264e+01, 3.497e+01, 3.730e+01, 3.963e+01, 4.196e+01, 4.429e+01, 4.663e+01, 4.896e+01, 5.129e+01, 5.362e+01, 5.595e+01, 5.828e+01, 6.061e+01, 6.294e+01, 6.528e+01
28.50, 1.268e+09, 4.387e+08, 6.601e+08, 7.993e+08, 8.992e+08, 9.755e+08, 1.038e+09, 1.089e+09, 1.135e+09, 1.175e+09, 1.211e+09, 1.243e+09, 1.272e+09, 1.299e+09, 1.323e+09, 1.346e+09, 1.368e+09, 1.389e+09, 1.407e+09, 1.426e+09, 1.443e+09, 1.460e+09, 1.476e+09, 1.489e+09, 1.503e+09, 1.516e+09, 1.529e+09, 1.542e+09, 1.555e+09, 2.291e+00, 4.581e+00, 6.872e+00, 9.162e+00, 1.145e+01, 1.374e+01, 1.603e+01, 1.832e+01, 2.062e+01, 2.291e+01, 2.520e+01, 2.749e+01, 2.978e+01, 3.207e+01, 3.436e+01, 3.665e+01, 3.894e+01, 4.123e+01, 4.352e+01, 4.581e+01, 4.810e+01, 5.039e+01, 5.268e+01, 5.497e+01, 5.727e+01, 5.956e+01, 6.185e+01, 6.414e+01
28.75, 1.263e+09, 4.333e+08, 6.544e+08, 7.932e+08, 8.934e+08, 9.698e+08, 1.031e+09, 1.084e+09, 1.129e+09, 1.169e+09, 1.205e+09, 1.237e+09, 1.266e+09, 1.293e+09, 1.317e+09, 1.340e+09, 1.362e+09, 1.383e+09, 1.401e+09, 1.420e+09, 1.437e+09, 1.453e+09, 1.470e+09, 1.484e+09, 1.498e+09, 1.510e+09, 1.523e+09, 1.536e+09, 1.549e+09, 2.251e+00, 4.502e+00, 6.753e+00, 9.004e+00, 1.126e+01, 1.351e+01, 1.576e+01, 1.801e+01, 2.026e+01, 2.251e+01, 2.476e+01, 2.701e+01, 2.926e+01, 3.151e+01, 3.377e+01, 3.602e+01, 3.827e+01, 4.052e+01, 4.277e+01, 4.502e+01, 4.727e+01, 4.952e+01, 5.177e+01, 5.402e+01, 5.628e+01, 5.853e+01, 6.078e+01, 6.303e+01
29.00, 1.258e+09, 4.279e+08, 6.485e+08, 7.874e+08, 8.873e+08, 9.637e+08, 1.026e+09, 1.078e+09, 1.124e+09, 1.163e+09, 1.199e+09, 1.231e+09, 1.260e+09, 1.287e+09, 1.311e+09, 1.335e+09, 1.356e+09, 1.376e+09, 1.396e+09, 1.414e+09, 1.431e+09, 1.448e+09, 1.463e+09, 1.478e+09, 1.492e+09, 1.505e+09, 1.517e+09, 1.530e+09, 1.542e+09, 2.212e+00, 4.425e+00, 6.637e+00, 8.850e+00, 1.106e+01, 1.327e+01, 1.549e+01, 1.770e+01, 1.991e+01, 2.212e+01, 2.434e+01, 2.655e+01, 2.876e+01, 3.097e+01, 3.319e+01, 3.540e+01, 3.761e+01, 3.982e+01, 4.204e+01, 4.425e+01, 4.646e+01, 4.867e+01, 5.089e+01, 5.310e+01, 5.531e+01, 5.752e+01, 5.974e+01, 6.195e+01
29.25, 1.253e+09, 4.227e+08, 6.430e+08, 7.814e+08, 8.814e+08, 9.582e+08, 1.020e+09, 1.071e+09, 1.118e+09, 1.157e+09, 1.193e+09, 1.225e+09, 1.254e+09, 1.281e+09, 1.306e+09, 1.329e+09, 1.351e+09, 1.370e+09, 1.391e+09, 1.408e+09, 1.426e+09, 1.442e+09, 1.458e+09, 1.473e+09, 1.486e+09, 1.500e+09, 1.512e+09, 1.525e+09, 1.537e+09, 2.175e+00, 4.350e+00, 6.524e+00, 8.699e+00, 1.087e+01, 1.305e+01, 1.522e+01, 1.740e+01, 1.957e+01, 2.175e+01, 2.392e+01, 2.610e+01, 2.827e+01, 3.045e+01, 3.262e+01, 3.480e+01, 3.697e+01, 3.915e+01, 4.132e+01, 4.350e+01, 4.567e+01, 4.785e+01, 5.002e+01, 5.220e+01, 5.437e+01, 5.654e+01, 5.872e+01, 6.089e+01
29.50, 1.249e+09, 4.175e+08, 6.373e+08, 7.757e+08, 8.753e+08, 9.520e+08, 1.014e+09, 1.066e+09, 1.112e+09, 1.151e+09, 1.187e+09, 1.220e+09, 1.249e+09, 1.276e+09, 1.300e+09, 1.323e+09, 1.345e+09, 1.365e+09, 1.385e+09, 1.402e+09, 1.420e+09, 1.436e+09, 1.452e+09, 1.467e+09, 1.481e+09, 1.494e+09, 1.507e+09, 1.519e+09, 1.531e+09, 2.138e+00, 4.276e+00, 6.414e+00, 8.553e+00, 1.069e+01, 1.283e+01, 1.497e+01, 1.711e+01, 1.924e+01, 2.138e+01, 2.352e+01, 2.566e+01, 2.780e+01, 2.993e+01, 3.207e+01, 3.421e+01, 3.635e+01, 3.849e+01, 4.062e+01, 4.276e+01, 4.490e+01, 4.704e+01, 4.918e+01, 5.132e+01, 5.345e+01, 5.559e+01, 5.773e+01, 5.987e+01
29.75, 1.243e+09, 4.123e+08, 6.318e+08, 7.699e+08, 8.696e+08, 9.464e+08, 1.008e+09, 1.061e+09, 1.106e+09, 1.146e+09, 1.182e+09, 1.214e+09, 1.243e+09, 1.270e+09, 1.294e+09, 1.318e+09, 1.339e+09, 1.359e+09, 1.378e+09, 1.397e+09, 1.414e+09, 1.431e+09, 1.446e+09, 1.461e+09, 1.476e+09, 1.488e+09, 1.501e+09, 1.513e+09, 1.525e+09, 2.102e+00, 4.205e+00, 6.307e+00, 8.410e+00, 1.051e+01, 1.261e+01, 1.472e+01, 1.682e+01, 1.892e+01, 2.102e+01, 2.313e+01, 2.523e+01, 2.733e+01, 2.943e+01, 3.154e+01, 3.364e+01, 3.574e+01, 3.784e+01, 3.995e+01, 4.205e+01, 4.415e+01, 4.625e+01, 4.836e+01, 5.046e+01, 5.256e+01, 5.466e+01, 5.676e+01, 5.887e+01
30.00, 1.239e+09, 4.072e+08, 6.262e+08, 7.640e+08, 8.640e+08, 9.407e+08, 1.003e+09, 1.055e+09, 1.100e+09, 1.140e+09, 1.176e+09, 1.208e+09, 1.238e+09, 1.265e+09, 1.289e+09, 1.312e+09, 1.334e+09, 1.354e+09, 1.373e+09, 1.392e+09, 1.408e+09, 1.425e+09, 1.440e+09, 1.455e+09, 1.470e+09, 1.483e+09, 1.496e+09, 1.508e+09, 1.519e+09, 2.068e+00, 4.135e+00, 6.203e+00, 8.270e+00, 1.034e+01, 1.241e+01, 1.447e+01, 1.654e+01, 1.861e+01, 2.068e+01, 2.274e+01, 2.481e+01, 2.688e+01, 2.895e+01, 3.101e+01, 3.308e+01, 3.515e+01, 3.722e+01, 3.928e+01, 4.135e+01, 4.342e+01, 4.549e+01, 4.755e+01, 4.962e+01, 5.169e+01, 5.376e+01, 5.582e+01, 5.789e+01
